-- ANIMASTER static data export
-- Database: playanimaster_db
-- Generated: 2026-06-29 18:08:24
-- Tables: elements, classes, subclasses, abilities, species, species_abilities, item_types, costanti, buff_definitions, player_classes, player_class_abilities, requirements, consequences, zones, npcs, conversations, dialogues, dialogues_options, conversation_requirements, conversation_consequences, npc_requirements, quests, quest_requirements, spawn_points, zone_animals, wild_animal_drop_types, language_texts, chat_word_replacements, chat_global_item_config
-- Sync: php scripts/sync_static_data.php
--       dev_static_data.php (download or write to repo)
-- One INSERT per table with ON DUPLICATE KEY UPDATE (see SQL/README.md).

SET NAMES utf8mb4;
SET FOREIGN_KEY_CHECKS=0;

-- elements (8 rows)
INSERT INTO `playanimaster_db`.`elements` (`id_element`, `element`, `element_it`, `element_pt`, `color`) VALUES
(1, 'Water', 'Acqua', 'Agua', '#058ef0'),
(2, 'Fire', 'Fuoco', 'Fogo', '#f02c05'),
(3, 'Air', 'Aria', 'Ar', '#a0ebf2'),
(4, 'Earth', 'Terra', 'Terra', '#9c5313'),
(5, 'Electricity', 'Elettricita', 'Electricidade', '#fce112'),
(6, 'Light', 'Luce', 'Luz', '#fffded'),
(7, 'Dark', 'Buio', 'Trevas', '#35003d'),
(8, 'none', 'nessuno', 'nenhum', '#7a797a')
ON DUPLICATE KEY UPDATE
    `element` = VALUES(`element`),
    `element_it` = VALUES(`element_it`),
    `element_pt` = VALUES(`element_pt`),
    `color` = VALUES(`color`);

-- classes (6 rows)
INSERT INTO `playanimaster_db`.`classes` (`id_class`, `class`) VALUES
(1, 'Mammals'),
(2, 'Reptiles'),
(3, 'Birds'),
(4, 'Fish'),
(5, 'Insects'),
(6, 'Invertebrates')
ON DUPLICATE KEY UPDATE
    `class` = VALUES(`class`);

-- subclasses (6 rows)
INSERT INTO `playanimaster_db`.`subclasses` (`id_subclass`, `dt_creazione`, `dt_modifica`, `subclass`, `id_class`) VALUES
(1, NULL, NULL, 'Canines', 1),
(2, NULL, NULL, 'Felines', 1),
(3, NULL, NULL, 'Bovines', 1),
(4, NULL, NULL, 'Caprines', 1),
(5, NULL, NULL, 'Rodents', 1),
(6, NULL, NULL, 'Marsupials', 1)
ON DUPLICATE KEY UPDATE
    `dt_modifica` = VALUES(`dt_modifica`),
    `subclass` = VALUES(`subclass`),
    `id_class` = VALUES(`id_class`);

-- abilities (8 rows)
INSERT INTO `playanimaster_db`.`abilities` (`id_ability`, `dt_creazione`, `dt_modifica`, `ability`, `descrizione`, `accuracy`, `power`, `m_power`, `effect`, `effect_chance`, `ability_it`, `descrizione_it`, `ability_pt`, `descrizione_pt`, `id_element`) VALUES
(1, '2022-01-10 15:10:57', NULL, 'Scratch', 'Scratches the opponent', 100, 40, 0, 'none', 0, 'Graffio', 'Graffia l\'avversario', 'Arranhao', 'Arranha o adversario', 0),
(2, '2022-01-10 15:11:29', NULL, 'Bump', 'Throws itself onto the opponent', 100, 40, 0, 'none', 0, 'Scontro', 'Si butta addosso all\'avversario', 'Investida', 'Atira-se ao adversario', 0),
(3, '2022-01-12 15:16:48', NULL, 'Hiss', 'Hisses to scare the opponent and lower its attack ', 100, 0, 0, 'lower_target_atk_10_%', 100, 'Soffio', 'Soffia per spaventare l\'avversario ed abbassare il suo attacco', 'Sopro', 'Assopra para assustar o adversario e abaixar o seu ataque', 0),
(4, '2022-01-12 15:17:14', NULL, 'Growl', 'Growls to scare the opponent and lower its attack ', 100, 0, 0, 'lower_target_atk_10_%', 100, 'Ringhio', 'Ringhia per spaventare l\'avversario ed abbassare il suo attacco', 'Grunhido', 'Grunhe para assustar o adversario e abaixar o seu ataque ', 0),
(5, '2022-01-12 15:18:22', NULL, 'Fool Around', 'Jump and move in a playful way to lower the opponent\'s defense', 100, 0, 0, 'lower_target_def_10_%', 100, 'Gioca', 'Gioca per abbassare la difesa dell\'avversario', 'Brinca', 'Brinca para abaixar a defesa do adversario', 0),
(6, '2022-01-12 15:24:21', NULL, 'Scrape dirt', 'Scrapes the ground throwing pebbles. Chance to lower the opponent\'s accuracy', 100, 20, 0, 'lower_target_acc_10_%', 60, 'Raschia terra', 'Raschia la terra tirando sassi. Possibilita di abbassare la precisione dell\'avversario ', 'Raspar Terra', 'Raspa terra atirando pedras ao adversario. Possibilidade de abaixar a pontaria do adversario', 0),
(7, '2022-01-12 18:45:48', NULL, 'Peck', 'Pecks the opponent with the beak', 100, 40, 0, 'none', 0, 'Beccata', 'Becca l\'avversario', 'Bicada', 'Bica o adversario', 0),
(8, '2022-01-12 18:50:23', NULL, 'Wing Clap', 'Claps wings and throws sand at the opponent, lowering its accuracy', 100, 0, 0, 'lower_target_acc_20_%', 100, 'Scuoti Ale', 'Scuoti le ali tirando sabbia all\'avversario, abbassando la sua precisione ', 'Bater as Asas', 'Bate as asas atirando areia ao adversario para abaixar a sua pontaria', 0)
ON DUPLICATE KEY UPDATE
    `dt_modifica` = VALUES(`dt_modifica`),
    `ability` = VALUES(`ability`),
    `descrizione` = VALUES(`descrizione`),
    `accuracy` = VALUES(`accuracy`),
    `power` = VALUES(`power`),
    `m_power` = VALUES(`m_power`),
    `effect` = VALUES(`effect`),
    `effect_chance` = VALUES(`effect_chance`),
    `ability_it` = VALUES(`ability_it`),
    `descrizione_it` = VALUES(`descrizione_it`),
    `ability_pt` = VALUES(`ability_pt`),
    `descrizione_pt` = VALUES(`descrizione_pt`),
    `id_element` = VALUES(`id_element`);

-- species (149 rows)
INSERT INTO `playanimaster_db`.`species` (`id_species`, `dt_creazione`, `dt_modifica`, `species`, `id_class`, `id_subclass`, `id_family`, `tier`, `base_hp`, `base_atk`, `base_def`, `base_matk`, `base_mdef`, `base_spd`, `base_acc`, `base_eva`, `base_cr`, `reward_atk`, `reward_def`, `reward_matk`, `reward_mdef`, `reward_hp`, `reward_acc`, `reward_eva`, `reward_cr`, `reward_spd`, `reward_exp`, `description`, `flg_attivo`, `species_it`, `species_pt`) VALUES
(1, '2022-01-06 23:03:02', NULL, 'Dog', 1, 1, 1, '1.0', 60, 70, 45, 60, 50, 60, 100, 5, 10, 0, 1, 0, 0, 0, 0, 0, 0, 0, 46, NULL, 'S', 'Cane', 'Cao'),
(2, '2022-01-06 23:03:53', NULL, 'Cat', 1, 2, 2, '1.0', 45, 60, 40, 60, 45, 80, 100, 15, 15, 0, 0, 0, 0, 0, 0, 0, 0, 1, 46, NULL, 'S', 'Gatto', 'Gato'),
(3, '2022-01-06 23:05:57', NULL, 'Snake', 2, NULL, 3, '1.0', 50, 60, 60, 50, 60, 50, 100, 10, 20, 0, 0, 0, 0, 0, 0, 0, 1, 0, 6666, NULL, 'S', 'Serpente', 'Serpente'),
(4, '2022-01-06 23:07:20', NULL, 'Bat', 1, NULL, NULL, NULL, 18, 10, 15, 25, 25, 5, 100, 10, 10, 0, 0, 0, 0, 0, 1, 0, 0, 0, 46, NULL, 'N', 'Pipistrello', 'Morcego'),
(5, '2022-01-08 23:22:32', NULL, 'Aardvark', 1, NULL, NULL, NULL, NULL, NULL, NULL, NULL, NULL, NULL, 100, NULL, NULL, 0, 0, 0, 0, 0, 0, 0, 0, 0, 0, NULL, 'N', 'Aardvark', 'Aardvark'),
(6, '2022-01-08 23:22:32', NULL, 'Alligator', 2, NULL, NULL, NULL, NULL, NULL, NULL, NULL, NULL, NULL, 100, NULL, NULL, 0, 0, 0, 0, 0, 0, 0, 0, 0, 0, NULL, 'N', 'Alligator', 'Alligator'),
(7, '2022-01-08 23:22:32', NULL, 'Alpaca', 1, NULL, NULL, NULL, NULL, NULL, NULL, NULL, NULL, NULL, 100, NULL, NULL, 0, 0, 0, 0, 0, 0, 0, 0, 0, 0, NULL, 'N', 'Alpaca', 'Alpaca'),
(8, '2022-01-08 23:22:32', NULL, 'Anaconda', 2, NULL, 3, '3.0', NULL, NULL, NULL, NULL, NULL, NULL, 100, NULL, NULL, 0, 0, 0, 0, 0, 0, 0, 0, 0, 0, NULL, 'N', 'Anaconda', 'Anaconda'),
(9, '2022-01-08 23:22:32', NULL, 'Ant', 5, NULL, NULL, NULL, NULL, NULL, NULL, NULL, NULL, NULL, 100, NULL, NULL, 0, 0, 0, 0, 0, 0, 0, 0, 0, 0, NULL, 'N', 'Ant', 'Ant'),
(10, '2022-01-08 23:22:32', NULL, 'Antelope', 1, NULL, NULL, NULL, NULL, NULL, NULL, NULL, NULL, NULL, 100, NULL, NULL, 0, 0, 0, 0, 0, 0, 0, 0, 0, 0, NULL, 'N', 'Antelope', 'Antelope'),
(11, '2022-01-08 23:22:32', NULL, 'Ape', 1, NULL, NULL, NULL, NULL, NULL, NULL, NULL, NULL, NULL, 100, NULL, NULL, 0, 0, 0, 0, 0, 0, 0, 0, 0, 0, NULL, 'N', 'Ape', 'Ape'),
(12, '2022-01-08 23:22:32', NULL, 'Aphid', 5, NULL, NULL, NULL, NULL, NULL, NULL, NULL, NULL, NULL, 100, NULL, NULL, 0, 0, 0, 0, 0, 0, 0, 0, 0, 0, NULL, 'N', 'Aphid', 'Aphid'),
(13, '2022-01-08 23:22:32', NULL, 'Armadillo', 1, NULL, NULL, NULL, NULL, NULL, NULL, NULL, NULL, NULL, 100, NULL, NULL, 0, 0, 0, 0, 0, 0, 0, 0, 0, 0, NULL, 'N', 'Armadillo', 'Armadillo'),
(14, '2022-01-08 23:22:32', NULL, 'Pithon', 2, NULL, 3, '2.0', NULL, NULL, NULL, NULL, NULL, NULL, 100, NULL, NULL, 0, 0, 0, 0, 0, 0, 0, 0, 0, 0, NULL, 'N', 'Pithon', 'Pithon'),
(15, '2022-01-08 23:22:32', NULL, 'Ass', 1, NULL, NULL, NULL, NULL, NULL, NULL, NULL, NULL, NULL, 100, NULL, NULL, 0, 0, 0, 0, 0, 0, 0, 0, 0, 0, NULL, 'N', 'Ass', 'Ass'),
(16, '2022-01-08 23:22:32', NULL, 'Baboon', 1, NULL, NULL, NULL, NULL, NULL, NULL, NULL, NULL, NULL, 100, NULL, NULL, 0, 0, 0, 0, 0, 0, 0, 0, 0, 0, NULL, 'N', 'Baboon', 'Baboon'),
(17, '2022-01-08 23:22:32', NULL, 'Badger', 1, NULL, NULL, NULL, NULL, NULL, NULL, NULL, NULL, NULL, 100, NULL, NULL, 0, 0, 0, 0, 0, 0, 0, 0, 0, 0, NULL, 'N', 'Badger', 'Badger'),
(18, '2022-01-08 23:22:32', NULL, 'Barracuda', 4, NULL, NULL, NULL, NULL, NULL, NULL, NULL, NULL, NULL, 100, NULL, NULL, 0, 0, 0, 0, 0, 0, 0, 0, 0, 0, NULL, 'N', 'Barracuda', 'Barracuda'),
(19, '2022-01-08 23:22:32', NULL, 'Bass', 4, NULL, NULL, NULL, NULL, NULL, NULL, NULL, NULL, NULL, 100, NULL, NULL, 0, 0, 0, 0, 0, 0, 0, 0, 0, 0, NULL, 'N', 'Bass', 'Bass'),
(20, '2022-01-08 23:22:32', NULL, 'Basset Hound', 1, NULL, NULL, NULL, NULL, NULL, NULL, NULL, NULL, NULL, 100, NULL, NULL, 0, 0, 0, 0, 0, 0, 0, 0, 0, 0, NULL, 'N', 'Basset Hound', 'Basset Hound'),
(21, '2022-01-08 23:22:32', NULL, 'Bear', 1, NULL, NULL, NULL, NULL, NULL, NULL, NULL, NULL, NULL, 100, NULL, NULL, 0, 0, 0, 0, 0, 0, 0, 0, 0, 0, NULL, 'N', 'Bear', 'Bear'),
(22, '2022-01-08 23:22:32', NULL, 'Beaver', 1, NULL, NULL, NULL, NULL, NULL, NULL, NULL, NULL, NULL, 100, NULL, NULL, 0, 0, 0, 0, 0, 0, 0, 0, 0, 0, NULL, 'N', 'Beaver', 'Beaver'),
(23, '2022-01-08 23:22:32', NULL, 'Bedbug', 5, NULL, NULL, NULL, NULL, NULL, NULL, NULL, NULL, NULL, 100, NULL, NULL, 0, 0, 0, 0, 0, 0, 0, 0, 0, 0, NULL, 'N', 'Bedbug', 'Bedbug'),
(24, '2022-01-08 23:22:32', NULL, 'Bee', 5, NULL, NULL, NULL, NULL, NULL, NULL, NULL, NULL, NULL, 100, NULL, NULL, 0, 0, 0, 0, 0, 0, 0, 0, 0, 0, NULL, 'N', 'Bee', 'Bee'),
(25, '2022-01-08 23:22:32', NULL, 'Beetle', 5, NULL, NULL, NULL, NULL, NULL, NULL, NULL, NULL, NULL, 100, NULL, NULL, 0, 0, 0, 0, 0, 0, 0, 0, 0, 0, NULL, 'N', 'Beetle', 'Beetle'),
(26, '2022-01-08 23:22:32', NULL, 'Woodpecker', 3, NULL, 91, '2.0', NULL, NULL, NULL, NULL, NULL, NULL, 100, NULL, NULL, 0, 0, 0, 0, 0, 0, 0, 0, 0, 0, NULL, 'N', 'Woodpecker', 'Woodpecker'),
(27, '2022-01-08 23:22:32', NULL, 'Bison', 1, NULL, NULL, NULL, NULL, NULL, NULL, NULL, NULL, NULL, 100, NULL, NULL, 0, 0, 0, 0, 0, 0, 0, 0, 0, 0, NULL, 'N', 'Bison', 'Bison'),
(28, '2022-01-08 23:22:32', NULL, 'Black Panther', 1, 2, 2, '3.0', NULL, NULL, NULL, NULL, NULL, NULL, 100, NULL, NULL, 0, 0, 0, 0, 0, 0, 0, 0, 0, 0, NULL, 'N', 'Black Panther', 'Black Panther'),
(29, '2022-01-08 23:22:32', NULL, 'Black Widow Spider', 5, NULL, NULL, NULL, NULL, NULL, NULL, NULL, NULL, NULL, 100, NULL, NULL, 0, 0, 0, 0, 0, 0, 0, 0, 0, 0, NULL, 'N', 'Black Widow Spider', 'Black Widow Spider'),
(30, '2022-01-08 23:22:32', NULL, 'Seagull', 3, NULL, 32, '1.0', 50, 50, 50, 50, 50, 60, 100, 10, 10, 0, 0, 0, 0, 0, 0, 0, 0, 0, 0, NULL, 'N', 'Seagull', 'Seagull'),
(31, '2022-01-08 23:22:32', NULL, 'Blue Whale', 1, NULL, NULL, NULL, NULL, NULL, NULL, NULL, NULL, NULL, 100, NULL, NULL, 0, 0, 0, 0, 0, 0, 0, 0, 0, 0, NULL, 'N', 'Blue Whale', 'Blue Whale'),
(32, '2022-01-08 23:22:32', NULL, 'Bobcat', 1, 2, 2, '2.0', NULL, NULL, NULL, NULL, NULL, NULL, 100, NULL, NULL, 0, 0, 0, 0, 0, 0, 0, 0, 0, 0, NULL, 'N', 'Bobcat', 'Bobcat'),
(33, '2022-01-08 23:22:32', NULL, 'Buffalo', 1, NULL, NULL, NULL, NULL, NULL, NULL, NULL, NULL, NULL, 100, NULL, NULL, 0, 0, 0, 0, 0, 0, 0, 0, 0, 0, NULL, 'N', 'Buffalo', 'Buffalo'),
(34, '2022-01-08 23:22:32', NULL, 'Butterfly', 5, NULL, NULL, NULL, NULL, NULL, NULL, NULL, NULL, NULL, 100, NULL, NULL, 0, 0, 0, 0, 0, 0, 0, 0, 0, 0, NULL, 'N', 'Butterfly', 'Butterfly'),
(35, '2022-01-09 14:52:53', NULL, 'King Penguin', 3, NULL, 123, '2.0', NULL, NULL, NULL, NULL, NULL, NULL, 100, NULL, NULL, 0, 0, 0, 0, 0, 0, 0, 0, 0, 0, NULL, 'N', 'King Penguin', 'King Penguin'),
(36, '2022-01-08 23:22:32', NULL, 'Camel', 1, NULL, NULL, NULL, NULL, NULL, NULL, NULL, NULL, NULL, 100, NULL, NULL, 0, 0, 0, 0, 0, 0, 0, 0, 0, 0, NULL, 'N', 'Camel', 'Camel'),
(37, '2022-01-08 23:22:32', NULL, 'Caribou', 1, NULL, NULL, NULL, NULL, NULL, NULL, NULL, NULL, NULL, 100, NULL, NULL, 0, 0, 0, 0, 0, 0, 0, 0, 0, 0, NULL, 'N', 'Caribou', 'Caribou'),
(38, '2022-01-08 23:22:32', NULL, 'Carp', 4, NULL, NULL, NULL, NULL, NULL, NULL, NULL, NULL, NULL, 100, NULL, NULL, 0, 0, 0, 0, 0, 0, 0, 0, 0, 0, NULL, 'N', 'Carp', 'Carp'),
(39, '2022-01-08 23:22:32', NULL, 'Caterpillar', 5, NULL, NULL, NULL, NULL, NULL, NULL, NULL, NULL, NULL, 100, NULL, NULL, 0, 0, 0, 0, 0, 0, 0, 0, 0, 0, NULL, 'N', 'Caterpillar', 'Caterpillar'),
(40, '2022-01-08 23:22:32', NULL, 'Catfish', 4, NULL, NULL, NULL, NULL, NULL, NULL, NULL, NULL, NULL, 100, NULL, NULL, 0, 0, 0, 0, 0, 0, 0, 0, 0, 0, NULL, 'N', 'Catfish', 'Catfish'),
(41, '2022-01-08 23:22:32', NULL, 'Cheetah', 1, 2, 2, '3.0', NULL, NULL, NULL, NULL, NULL, NULL, 100, NULL, NULL, 0, 0, 0, 0, 0, 0, 0, 0, 0, 0, NULL, 'N', 'Cheetah', 'Cheetah'),
(42, '2022-01-08 23:22:32', NULL, 'Chicken', 3, NULL, 45, '1.0', 40, 60, 50, 40, 60, 50, 100, 15, 10, 0, 0, 0, 0, 0, 0, 0, 0, 0, 0, NULL, 'N', 'Chicken', 'Chicken'),
(43, '2022-01-08 23:22:32', NULL, 'Chimpanzee', 1, NULL, NULL, NULL, NULL, NULL, NULL, NULL, NULL, NULL, 100, NULL, NULL, 0, 0, 0, 0, 0, 0, 0, 0, 0, 0, NULL, 'N', 'Chimpanzee', 'Chimpanzee'),
(44, '2022-01-08 23:22:32', NULL, 'Chipmunk', 1, NULL, NULL, NULL, NULL, NULL, NULL, NULL, NULL, NULL, 100, NULL, NULL, 0, 0, 0, 0, 0, 0, 0, 0, 0, 0, NULL, 'N', 'Chipmunk', 'Chipmunk'),
(45, '2022-01-08 23:22:32', NULL, 'Cobra', 2, NULL, 134, '2.0', NULL, NULL, NULL, NULL, NULL, NULL, 100, NULL, NULL, 0, 0, 0, 0, 0, 0, 0, 0, 0, 0, NULL, 'N', 'Cobra', 'Cobra'),
(46, '2022-01-08 23:22:32', NULL, 'Cod', 4, NULL, NULL, NULL, NULL, NULL, NULL, NULL, NULL, NULL, 100, NULL, NULL, 0, 0, 0, 0, 0, 0, 0, 0, 0, 0, NULL, 'N', 'Cod', 'Cod'),
(47, '2022-01-08 23:22:32', NULL, 'Condor', 3, NULL, 58, '2.0', NULL, NULL, NULL, NULL, NULL, NULL, 100, NULL, NULL, 0, 0, 0, 0, 0, 0, 0, 0, 0, 0, NULL, 'N', 'Condor', 'Condor'),
(48, '2022-01-08 23:22:32', NULL, 'Cougar', 1, 2, 2, '2.0', NULL, NULL, NULL, NULL, NULL, NULL, 100, NULL, NULL, 0, 0, 0, 0, 0, 0, 0, 0, 0, 0, NULL, 'N', 'Cougar', 'Cougar'),
(49, '2022-01-08 23:22:32', NULL, 'Cow', 1, NULL, NULL, NULL, NULL, NULL, NULL, NULL, NULL, NULL, 100, NULL, NULL, 0, 0, 0, 0, 0, 0, 0, 0, 0, 0, NULL, 'N', 'Cow', 'Cow'),
(50, '2022-01-08 23:22:32', NULL, 'Coyote', 1, 1, 79, '2.0', NULL, NULL, NULL, NULL, NULL, NULL, 100, NULL, NULL, 0, 0, 0, 0, 0, 0, 0, 0, 0, 0, NULL, 'N', 'Coyote', 'Coyote'),
(51, '2022-01-08 23:22:32', NULL, 'Crab', 4, NULL, NULL, NULL, NULL, NULL, NULL, NULL, NULL, NULL, 100, NULL, NULL, 0, 0, 0, 0, 0, 0, 0, 0, 0, 0, NULL, 'N', 'Crab', 'Crab'),
(52, '2022-01-08 23:22:32', NULL, 'Stork', 3, NULL, 91, '3.0', NULL, NULL, NULL, NULL, NULL, NULL, 100, NULL, NULL, 0, 0, 0, 0, 0, 0, 0, 0, 0, 0, NULL, 'N', 'Stork', 'Stork'),
(53, '2022-01-08 23:22:32', NULL, 'Cricket', 5, NULL, NULL, NULL, NULL, NULL, NULL, NULL, NULL, NULL, 100, NULL, NULL, 0, 0, 0, 0, 0, 0, 0, 0, 0, 0, NULL, 'N', 'Cricket', 'Cricket'),
(54, '2022-01-08 23:22:32', NULL, 'Crocodile', 2, NULL, NULL, NULL, NULL, NULL, NULL, NULL, NULL, NULL, 100, NULL, NULL, 0, 0, 0, 0, 0, 0, 0, 0, 0, 0, NULL, 'N', 'Crocodile', 'Crocodile'),
(55, '2022-01-08 23:22:32', NULL, 'Crow', 3, NULL, 58, '1.0', 40, 50, 50, 50, 50, 60, 100, 10, 10, 0, 0, 0, 0, 0, 0, 0, 0, 0, 0, NULL, 'N', 'Crow', 'Crow'),
(56, '2022-01-08 23:22:32', NULL, 'Deer', 1, NULL, NULL, NULL, NULL, NULL, NULL, NULL, NULL, NULL, 100, NULL, NULL, 0, 0, 0, 0, 0, 0, 0, 0, 0, 0, NULL, 'N', 'Deer', 'Deer'),
(57, '2022-01-08 23:22:32', NULL, 'Komodo Dragon', 2, NULL, 100, '3.0', NULL, NULL, NULL, NULL, NULL, NULL, 100, NULL, NULL, 0, 0, 0, 0, 0, 0, 0, 0, 0, 0, NULL, 'N', 'Komodo Dragon', 'Komodo Dragon'),
(58, '2022-01-08 23:22:32', NULL, 'Dolphin', 1, NULL, NULL, NULL, NULL, NULL, NULL, NULL, NULL, NULL, 100, NULL, NULL, 0, 0, 0, 0, 0, 0, 0, 0, 0, 0, NULL, 'N', 'Dolphin', 'Dolphin'),
(59, '2022-01-08 23:22:32', NULL, 'Donkey', 1, NULL, NULL, NULL, NULL, NULL, NULL, NULL, NULL, NULL, 100, NULL, NULL, 0, 0, 0, 0, 0, 0, 0, 0, 0, 0, NULL, 'N', 'Donkey', 'Donkey'),
(60, '2022-01-08 23:22:32', NULL, 'Dragonfly', 4, NULL, NULL, NULL, NULL, NULL, NULL, NULL, NULL, NULL, 100, NULL, NULL, 0, 0, 0, 0, 0, 0, 0, 0, 0, 0, NULL, 'N', 'Dragonfly', 'Dragonfly'),
(61, '2022-01-08 23:22:32', NULL, 'Duck', 3, NULL, 61, '1.0', 50, 60, 40, 60, 50, 68, 100, 20, 12, 0, 0, 0, 0, 0, 0, 0, 0, 0, 46, NULL, 'S', 'Anatra', 'Pato'),
(62, '2022-01-08 23:22:32', NULL, 'Eagle', 3, NULL, 88, '3.0', NULL, NULL, NULL, NULL, NULL, NULL, 100, NULL, NULL, 0, 0, 0, 0, 0, 0, 0, 0, 0, 0, NULL, 'N', 'Eagle', 'Eagle'),
(63, '2022-01-08 23:22:32', NULL, 'Eel', 4, NULL, NULL, NULL, NULL, NULL, NULL, NULL, NULL, NULL, 100, NULL, NULL, 0, 0, 0, 0, 0, 0, 0, 0, 0, 0, NULL, 'N', 'Eel', 'Eel'),
(64, '2022-01-08 23:22:32', NULL, 'Elephant', 1, NULL, NULL, NULL, NULL, NULL, NULL, NULL, NULL, NULL, 100, NULL, NULL, 0, 0, 0, 0, 0, 0, 0, 0, 0, 0, NULL, 'N', 'Elephant', 'Elephant'),
(65, '2022-01-08 23:22:32', NULL, 'Emu', 3, NULL, 130, '3.0', NULL, NULL, NULL, NULL, NULL, NULL, 100, NULL, NULL, 0, 0, 0, 0, 0, 0, 0, 0, 0, 0, NULL, 'N', 'Emu', 'Emu'),
(66, '2022-01-08 23:22:32', NULL, 'Falcon', 3, NULL, 88, '2.0', NULL, NULL, NULL, NULL, NULL, NULL, 100, NULL, NULL, 0, 0, 0, 0, 0, 0, 0, 0, 0, 0, NULL, 'N', 'Falcon', 'Falcon'),
(67, '2022-01-08 23:22:32', NULL, 'Ferret', 1, NULL, NULL, NULL, NULL, NULL, NULL, NULL, NULL, NULL, 100, NULL, NULL, 0, 0, 0, 0, 0, 0, 0, 0, 0, 0, NULL, 'N', 'Ferret', 'Ferret'),
(68, '2022-01-08 23:22:32', NULL, 'Snow Owl', 3, NULL, 116, '2.0', NULL, NULL, NULL, NULL, NULL, NULL, 100, NULL, NULL, 0, 0, 0, 0, 0, 0, 0, 0, 0, 0, NULL, 'N', 'Snow Owl', 'Snow Owl'),
(69, '2022-01-08 23:22:32', NULL, 'Fish', 4, NULL, NULL, NULL, NULL, NULL, NULL, NULL, NULL, NULL, 100, NULL, NULL, 0, 0, 0, 0, 0, 0, 0, 0, 0, 0, NULL, 'N', 'Fish', 'Fish'),
(70, '2022-01-08 23:22:32', NULL, 'Flamingo', 3, NULL, 32, '2.0', NULL, NULL, NULL, NULL, NULL, NULL, 100, NULL, NULL, 0, 0, 0, 0, 0, 0, 0, 0, 0, 0, NULL, 'N', 'Flamingo', 'Flamingo'),
(71, '2022-01-08 23:22:32', NULL, 'Flea', 5, NULL, NULL, NULL, NULL, NULL, NULL, NULL, NULL, NULL, 100, NULL, NULL, 0, 0, 0, 0, 0, 0, 0, 0, 0, 0, NULL, 'N', 'Flea', 'Flea'),
(72, '2022-01-08 23:22:32', NULL, 'Fly', 5, NULL, NULL, NULL, NULL, NULL, NULL, NULL, NULL, NULL, 100, NULL, NULL, 0, 0, 0, 0, 0, 0, 0, 0, 0, 0, NULL, 'N', 'Fly', 'Fly'),
(73, '2022-01-08 23:22:32', NULL, 'Fox', 1, 1, 79, '1.0', 45, 50, 50, 50, 50, 60, 100, 10, 10, 0, 0, 0, 0, 0, 0, 0, 0, 0, 0, NULL, 'N', 'Fox', 'Fox'),
(74, '2022-01-08 23:22:32', NULL, 'Frog', 2, NULL, NULL, NULL, NULL, NULL, NULL, NULL, NULL, NULL, 100, NULL, NULL, 0, 0, 0, 0, 0, 0, 0, 0, 0, 0, NULL, 'N', 'Frog', 'Frog'),
(75, '2022-01-08 23:22:32', NULL, 'Goat', 1, NULL, NULL, NULL, NULL, NULL, NULL, NULL, NULL, NULL, 100, NULL, NULL, 0, 0, 0, 0, 0, 0, 0, 0, 0, 0, NULL, 'N', 'Goat', 'Goat'),
(76, '2022-01-08 23:22:32', NULL, 'Goose', 3, NULL, 67, '2.0', NULL, NULL, NULL, NULL, NULL, NULL, 100, NULL, NULL, 0, 0, 0, 0, 0, 0, 0, 0, 0, 0, NULL, 'N', 'Goose', 'Goose'),
(77, '2022-01-08 23:22:32', NULL, 'Gopher', 1, NULL, NULL, NULL, NULL, NULL, NULL, NULL, NULL, NULL, 100, NULL, NULL, 0, 0, 0, 0, 0, 0, 0, 0, 0, 0, NULL, 'N', 'Gopher', 'Gopher'),
(78, '2022-01-08 23:22:32', NULL, 'Gorilla', 1, NULL, NULL, NULL, NULL, NULL, NULL, NULL, NULL, NULL, 100, NULL, NULL, 0, 0, 0, 0, 0, 0, 0, 0, 0, 0, NULL, 'N', 'Gorilla', 'Gorilla'),
(79, '2022-01-08 23:22:32', NULL, 'Grasshopper', 5, NULL, NULL, NULL, NULL, NULL, NULL, NULL, NULL, NULL, 100, NULL, NULL, 0, 0, 0, 0, 0, 0, 0, 0, 0, 0, NULL, 'N', 'Grasshopper', 'Grasshopper'),
(80, '2022-01-08 23:22:32', NULL, 'Hamster', 1, NULL, NULL, NULL, NULL, NULL, NULL, NULL, NULL, NULL, 100, NULL, NULL, 0, 0, 0, 0, 0, 0, 0, 0, 0, 0, NULL, 'N', 'Hamster', 'Hamster'),
(81, '2022-01-08 23:22:32', NULL, 'Hare', 1, NULL, NULL, NULL, NULL, NULL, NULL, NULL, NULL, NULL, 100, NULL, NULL, 0, 0, 0, 0, 0, 0, 0, 0, 0, 0, NULL, 'N', 'Hare', 'Hare'),
(82, '2022-01-08 23:22:32', NULL, 'Hawk', 3, NULL, 88, '1.0', 50, 50, 50, 50, 50, 60, 100, 10, 10, 0, 0, 0, 0, 0, 0, 0, 0, 0, 0, NULL, 'N', 'Hawk', 'Hawk'),
(83, '2022-01-08 23:22:32', NULL, 'Hippopotamus', 1, NULL, NULL, NULL, NULL, NULL, NULL, NULL, NULL, NULL, 100, NULL, NULL, 0, 0, 0, 0, 0, 0, 0, 0, 0, 0, NULL, 'N', 'Hippopotamus', 'Hippopotamus'),
(84, '2022-01-08 23:22:32', NULL, 'Horse', 1, NULL, NULL, NULL, NULL, NULL, NULL, NULL, NULL, NULL, 100, NULL, NULL, 0, 0, 0, 0, 0, 0, 0, 0, 0, 0, NULL, 'N', 'Horse', 'Horse'),
(85, '2022-01-08 23:22:32', NULL, 'Hummingbird', 3, NULL, 91, '1.0', 35, 50, 50, 50, 50, 60, 100, 10, 10, 0, 0, 0, 0, 0, 0, 0, 0, 0, 0, NULL, 'N', 'Hummingbird', 'Hummingbird'),
(86, '2022-01-08 23:22:32', NULL, 'Humpback Whale', 1, NULL, NULL, NULL, NULL, NULL, NULL, NULL, NULL, NULL, 100, NULL, NULL, 0, 0, 0, 0, 0, 0, 0, 0, 0, 0, NULL, 'N', 'Humpback Whale', 'Humpback Whale'),
(87, '2022-01-08 23:22:32', NULL, 'Iguana', 2, NULL, 100, '2.0', NULL, NULL, NULL, NULL, NULL, NULL, 100, NULL, NULL, 0, 0, 0, 0, 0, 0, 0, 0, 0, 0, NULL, 'N', 'Iguana', 'Iguana'),
(88, '2022-01-08 23:22:32', NULL, 'Impala', 1, NULL, NULL, NULL, NULL, NULL, NULL, NULL, NULL, NULL, 100, NULL, NULL, 0, 0, 0, 0, 0, 0, 0, 0, 0, 0, NULL, 'N', 'Impala', 'Impala'),
(89, '2022-01-08 23:22:32', NULL, 'Kangaroo', 1, NULL, NULL, NULL, NULL, NULL, NULL, NULL, NULL, NULL, 100, NULL, NULL, 0, 0, 0, 0, 0, 0, 0, 0, 0, 0, NULL, 'N', 'Kangaroo', 'Kangaroo'),
(90, '2022-01-08 23:22:32', NULL, 'Ladybug', 5, NULL, NULL, NULL, NULL, NULL, NULL, NULL, NULL, NULL, 100, NULL, NULL, 0, 0, 0, 0, 0, 0, 0, 0, 0, 0, NULL, 'N', 'Ladybug', 'Ladybug'),
(91, '2022-01-08 23:22:32', NULL, 'Leopard', 1, 2, 2, '2.0', NULL, NULL, NULL, NULL, NULL, NULL, 100, NULL, NULL, 0, 0, 0, 0, 0, 0, 0, 0, 0, 0, NULL, 'N', 'Leopard', 'Leopard'),
(92, '2022-01-08 23:22:32', NULL, 'Lion', 1, 2, 2, '3.0', NULL, NULL, NULL, NULL, NULL, NULL, 100, NULL, NULL, 0, 0, 0, 0, 0, 0, 0, 0, 0, 0, NULL, 'N', 'Lion', 'Lion'),
(93, '2022-01-08 23:22:32', NULL, 'Lizard', 2, NULL, 93, '1.0', 40, 60, 50, 50, 60, 70, 100, 20, 10, 0, 0, 0, 0, 0, 0, 0, 0, 0, 0, NULL, 'S', 'Lizard', 'Lizard'),
(94, '2022-01-08 23:22:32', NULL, 'Llama', 1, NULL, NULL, NULL, NULL, NULL, NULL, NULL, NULL, NULL, 100, NULL, NULL, 0, 0, 0, 0, 0, 0, 0, 0, 0, 0, NULL, 'N', 'Llama', 'Llama'),
(95, '2022-01-08 23:22:32', NULL, 'Lobster', 4, NULL, NULL, NULL, NULL, NULL, NULL, NULL, NULL, NULL, 100, NULL, NULL, 0, 0, 0, 0, 0, 0, 0, 0, 0, 0, NULL, 'N', 'Lobster', 'Lobster'),
(96, '2022-01-08 23:22:32', NULL, 'Mongoose', 1, NULL, NULL, NULL, NULL, NULL, NULL, NULL, NULL, NULL, 100, NULL, NULL, 0, 0, 0, 0, 0, 0, 0, 0, 0, 0, NULL, 'N', 'Mongoose', 'Mongoose'),
(97, '2022-01-08 23:22:32', NULL, 'King Cobra', 2, NULL, 134, '3.0', NULL, NULL, NULL, NULL, NULL, NULL, 100, NULL, NULL, 0, 0, 0, 0, 0, 0, 0, 0, 0, 0, NULL, 'N', 'King Cobra', 'King Cobra'),
(98, '2022-01-08 23:22:32', NULL, 'Monkey', 1, NULL, NULL, NULL, NULL, NULL, NULL, NULL, NULL, NULL, 100, NULL, NULL, 0, 0, 0, 0, 0, 0, 0, 0, 0, 0, NULL, 'N', 'Monkey', 'Monkey'),
(99, '2022-01-08 23:22:32', NULL, 'Moose', 1, NULL, NULL, NULL, NULL, NULL, NULL, NULL, NULL, NULL, 100, NULL, NULL, 0, 0, 0, 0, 0, 0, 0, 0, 0, 0, NULL, 'N', 'Moose', 'Moose'),
(100, '2022-01-08 23:22:32', NULL, 'Mosquito', 5, NULL, NULL, NULL, NULL, NULL, NULL, NULL, NULL, NULL, 100, NULL, NULL, 0, 0, 0, 0, 0, 0, 0, 0, 0, 0, NULL, 'N', 'Mosquito', 'Mosquito'),
(101, '2022-01-08 23:22:32', NULL, 'Moth', 5, NULL, NULL, NULL, NULL, NULL, NULL, NULL, NULL, NULL, 100, NULL, NULL, 0, 0, 0, 0, 0, 0, 0, 0, 0, 0, NULL, 'N', 'Moth', 'Moth'),
(102, '2022-01-08 23:22:32', NULL, 'Mountain goat', 1, NULL, NULL, NULL, NULL, NULL, NULL, NULL, NULL, NULL, 100, NULL, NULL, 0, 0, 0, 0, 0, 0, 0, 0, 0, 0, NULL, 'N', 'Mountain goat', 'Mountain goat'),
(103, '2022-01-08 23:22:32', NULL, 'Mouse', 1, NULL, NULL, NULL, NULL, NULL, NULL, NULL, NULL, NULL, 100, NULL, NULL, 0, 0, 0, 0, 0, 0, 0, 0, 0, 0, NULL, 'N', 'Mouse', 'Mouse'),
(104, '2022-01-08 23:22:32', NULL, 'Mule', 1, NULL, NULL, NULL, NULL, NULL, NULL, NULL, NULL, NULL, 100, NULL, NULL, 0, 0, 0, 0, 0, 0, 0, 0, 0, 0, NULL, 'N', 'Mule', 'Mule'),
(105, '2022-01-08 23:22:32', NULL, 'Octopus', 4, NULL, NULL, NULL, NULL, NULL, NULL, NULL, NULL, NULL, 100, NULL, NULL, 0, 0, 0, 0, 0, 0, 0, 0, 0, 0, NULL, 'N', 'Octopus', 'Octopus'),
(106, '2022-01-08 23:22:32', NULL, 'Orca', 1, NULL, NULL, NULL, NULL, NULL, NULL, NULL, NULL, NULL, 100, NULL, NULL, 0, 0, 0, 0, 0, 0, 0, 0, 0, 0, NULL, 'N', 'Orca', 'Orca'),
(107, '2022-01-08 23:22:32', NULL, 'Ostrich', 3, NULL, 45, '3.0', NULL, NULL, NULL, NULL, NULL, NULL, 100, NULL, NULL, 0, 0, 0, 0, 0, 0, 0, 0, 0, 0, NULL, 'N', 'Ostrich', 'Ostrich'),
(108, '2022-01-08 23:22:32', NULL, 'Otter', 1, NULL, NULL, NULL, NULL, NULL, NULL, NULL, NULL, NULL, 100, NULL, NULL, 0, 0, 0, 0, 0, 0, 0, 0, 0, 0, NULL, 'N', 'Otter', 'Otter'),
(109, '2022-01-08 23:22:32', NULL, 'Owl', 3, NULL, 116, '1.0', 40, 50, 50, 50, 50, 60, 100, 10, 10, 0, 0, 0, 0, 0, 0, 0, 0, 0, 0, NULL, 'N', 'Owl', 'Owl'),
(110, '2022-01-08 23:22:32', NULL, 'Ox', 1, NULL, NULL, NULL, NULL, NULL, NULL, NULL, NULL, NULL, 100, NULL, NULL, 0, 0, 0, 0, 0, 0, 0, 0, 0, 0, NULL, 'N', 'Ox', 'Ox'),
(111, '2022-01-08 23:22:32', NULL, 'Oyster', 4, NULL, NULL, NULL, NULL, NULL, NULL, NULL, NULL, NULL, 100, NULL, NULL, 0, 0, 0, 0, 0, 0, 0, 0, 0, 0, NULL, 'N', 'Oyster', 'Oyster'),
(112, '2022-01-08 23:22:32', NULL, 'Panda', 1, NULL, NULL, NULL, NULL, NULL, NULL, NULL, NULL, NULL, 100, NULL, NULL, 0, 0, 0, 0, 0, 0, 0, 0, 0, 0, NULL, 'N', 'Panda', 'Panda'),
(113, '2022-01-08 23:22:32', NULL, 'Parrot', 3, NULL, 156, '2.0', NULL, NULL, NULL, NULL, NULL, NULL, 100, NULL, NULL, 0, 0, 0, 0, 0, 0, 0, 0, 0, 0, NULL, 'N', 'Parrot', 'Parrot'),
(114, '2022-01-08 23:22:32', NULL, 'Peacock', 3, NULL, 127, '3.0', NULL, NULL, NULL, NULL, NULL, NULL, 100, NULL, NULL, 0, 0, 0, 0, 0, 0, 0, 0, 0, 0, NULL, 'N', 'Peacock', 'Peacock'),
(115, '2022-01-08 23:22:32', NULL, 'Pelican', 3, NULL, 32, '3.0', NULL, NULL, NULL, NULL, NULL, NULL, 100, NULL, NULL, 0, 0, 0, 0, 0, 0, 0, 0, 0, 0, NULL, 'N', 'Pelican', 'Pelican'),
(116, '2022-01-08 23:22:32', NULL, 'Penguin', 3, NULL, 123, '1.0', 50, 50, 50, 50, 50, 60, 100, 10, 10, 0, 0, 0, 0, 0, 0, 0, 0, 0, 0, NULL, 'N', 'Penguin', 'Penguin'),
(117, '2022-01-08 23:22:32', NULL, 'Perch', 4, NULL, NULL, NULL, NULL, NULL, NULL, NULL, NULL, NULL, 100, NULL, NULL, 0, 0, 0, 0, 0, 0, 0, 0, 0, 0, NULL, 'N', 'Perch', 'Perch'),
(118, '2022-01-08 23:22:32', NULL, 'Pheasant', 3, NULL, 127, '2.0', NULL, NULL, NULL, NULL, NULL, NULL, 100, NULL, NULL, 0, 0, 0, 0, 0, 0, 0, 0, 0, 0, NULL, 'N', 'Pheasant', 'Pheasant'),
(119, '2022-01-08 23:22:32', NULL, 'Pig', 1, NULL, NULL, NULL, NULL, NULL, NULL, NULL, NULL, NULL, 100, NULL, NULL, 0, 0, 0, 0, 0, 0, 0, 0, 0, 0, NULL, 'N', 'Pig', 'Pig'),
(120, '2022-01-08 23:22:32', NULL, 'Pigeon', 3, NULL, 127, '1.0', 40, 50, 50, 50, 50, 60, 100, 10, 10, 0, 0, 0, 0, 0, 0, 0, 0, 0, 0, NULL, 'N', 'Pigeon', 'Pigeon'),
(121, '2022-01-08 23:22:32', NULL, 'Polar bear', 1, NULL, NULL, NULL, NULL, NULL, NULL, NULL, NULL, NULL, 100, NULL, NULL, 0, 0, 0, 0, 0, 0, 0, 0, 0, 0, NULL, 'N', 'Polar bear', 'Polar bear'),
(122, '2022-01-08 23:22:32', NULL, 'Porcupine', 1, NULL, NULL, NULL, NULL, NULL, NULL, NULL, NULL, NULL, 100, NULL, NULL, 0, 0, 0, 0, 0, 0, 0, 0, 0, 0, NULL, 'N', 'Porcupine', 'Porcupine'),
(123, '2022-01-08 23:22:32', NULL, 'Quail', 3, NULL, 130, '1.0', 40, 50, 50, 50, 50, 60, 100, 10, 10, 0, 0, 0, 0, 0, 0, 0, 0, 0, 0, NULL, 'N', 'Quail', 'Quail'),
(124, '2022-01-08 23:22:32', NULL, 'Rabbit', 1, NULL, NULL, NULL, NULL, NULL, NULL, NULL, NULL, NULL, 100, NULL, NULL, 0, 0, 0, 0, 0, 0, 0, 0, 0, 0, NULL, 'N', 'Rabbit', 'Rabbit'),
(125, '2022-01-08 23:22:32', NULL, 'Raccoon', 1, NULL, NULL, NULL, NULL, NULL, NULL, NULL, NULL, NULL, 100, NULL, NULL, 0, 0, 0, 0, 0, 0, 0, 0, 0, 0, NULL, 'N', 'Raccoon', 'Raccoon'),
(126, '2022-01-08 23:22:32', NULL, 'Rat', 1, NULL, NULL, NULL, NULL, NULL, NULL, NULL, NULL, NULL, 100, NULL, NULL, 0, 0, 0, 0, 0, 0, 0, 0, 0, 0, NULL, 'N', 'Rat', 'Rat'),
(127, '2022-01-08 23:22:32', NULL, 'Viper', 2, NULL, 134, '1.0', NULL, NULL, NULL, NULL, NULL, NULL, 100, NULL, NULL, 0, 0, 0, 0, 0, 0, 0, 0, 0, 0, NULL, 'N', 'Viper', 'Viper'),
(128, '2022-01-08 23:22:32', NULL, 'Great Grey Owl', 3, NULL, 116, '3.0', NULL, NULL, NULL, NULL, NULL, NULL, 100, NULL, NULL, 0, 0, 0, 0, 0, 0, 0, 0, 0, 0, NULL, 'N', 'Great Grey Owl', 'Great Grey Owl'),
(129, '2022-01-09 14:26:10', NULL, 'Rhea', 3, NULL, 130, '2.0', NULL, NULL, NULL, NULL, NULL, NULL, 100, NULL, NULL, 0, 0, 0, 0, 0, 0, 0, 0, 0, 0, NULL, 'N', 'Rhea', 'Rhea'),
(130, '2022-01-08 23:22:32', NULL, 'Sea lion', 1, NULL, NULL, NULL, NULL, NULL, NULL, NULL, NULL, NULL, 100, NULL, NULL, 0, 0, 0, 0, 0, 0, 0, 0, 0, 0, NULL, 'N', 'Sea lion', 'Sea lion'),
(131, '2022-01-08 23:22:32', NULL, 'Sheep', 1, NULL, NULL, NULL, NULL, NULL, NULL, NULL, NULL, NULL, 100, NULL, NULL, 0, 0, 0, 0, 0, 0, 0, 0, 0, 0, NULL, 'N', 'Sheep', 'Sheep'),
(132, '2022-01-08 23:22:32', NULL, 'Shrew', 1, NULL, NULL, NULL, NULL, NULL, NULL, NULL, NULL, NULL, 100, NULL, NULL, 0, 0, 0, 0, 0, 0, 0, 0, 0, 0, NULL, 'N', 'Shrew', 'Shrew'),
(133, '2022-01-08 23:22:32', NULL, 'Skunk', 1, NULL, NULL, NULL, NULL, NULL, NULL, NULL, NULL, NULL, 100, NULL, NULL, 0, 0, 0, 0, 0, 0, 0, 0, 0, 0, NULL, 'N', 'Skunk', 'Skunk'),
(134, '2022-01-08 23:22:32', NULL, 'Snail', 6, NULL, NULL, NULL, NULL, NULL, NULL, NULL, NULL, NULL, 100, NULL, NULL, 0, 0, 0, 0, 0, 0, 0, 0, 0, 0, NULL, 'N', 'Snail', 'Snail'),
(135, '2022-01-08 23:22:32', NULL, 'Spider', 5, NULL, NULL, NULL, NULL, NULL, NULL, NULL, NULL, NULL, 100, NULL, NULL, 0, 0, 0, 0, 0, 0, 0, 0, 0, 0, NULL, 'N', 'Spider', 'Spider'),
(136, '2022-01-08 23:22:32', NULL, 'Tiger', 1, 2, 2, '3.0', NULL, NULL, NULL, NULL, NULL, NULL, 100, NULL, NULL, 0, 0, 0, 0, 0, 0, 0, 0, 0, 0, NULL, 'N', 'Tiger', 'Tiger'),
(137, '2022-01-08 23:22:32', NULL, 'Walrus', 1, NULL, NULL, NULL, NULL, NULL, NULL, NULL, NULL, NULL, 100, NULL, NULL, 0, 0, 0, 0, 0, 0, 0, 0, 0, 0, NULL, 'N', 'Walrus', 'Walrus'),
(138, '2022-01-08 23:22:32', NULL, 'Whale', 1, NULL, NULL, NULL, NULL, NULL, NULL, NULL, NULL, NULL, 100, NULL, NULL, 0, 0, 0, 0, 0, 0, 0, 0, 0, 0, NULL, 'N', 'Whale', 'Whale'),
(139, '2022-01-08 23:22:32', NULL, 'Wolf', 1, 1, 1, '2.0', NULL, NULL, NULL, NULL, NULL, NULL, 100, NULL, NULL, 0, 0, 0, 0, 0, 0, 0, 0, 0, 0, NULL, 'N', 'Wolf', 'Wolf'),
(140, '2022-01-08 23:22:32', NULL, 'Zebra', 1, NULL, NULL, NULL, NULL, NULL, NULL, NULL, NULL, NULL, 100, NULL, NULL, 0, 0, 0, 0, 0, 0, 0, 0, 0, 0, NULL, 'N', 'Zebra', 'Zebra'),
(141, '2022-01-09 12:09:58', NULL, 'Great Wolf', 1, 1, 1, '3.0', NULL, NULL, NULL, NULL, NULL, NULL, 100, NULL, NULL, 0, 0, 0, 0, 0, 0, 0, 0, 0, 0, NULL, 'N', 'Great Wolf', 'Great Wolf'),
(142, '2022-01-09 12:10:06', NULL, 'Dingo', 1, 1, 79, '3.0', NULL, NULL, NULL, NULL, NULL, NULL, 100, NULL, NULL, 0, 0, 0, 0, 0, 0, 0, 0, 0, 0, NULL, 'N', 'Dingo', 'Dingo'),
(143, '2022-01-09 12:39:15', NULL, 'Black Lynx', 1, 2, 2, '2.0', NULL, NULL, NULL, NULL, NULL, NULL, 100, NULL, NULL, 0, 0, 0, 0, 0, 0, 0, 0, 0, 0, NULL, 'N', 'Black Lynx', 'Black Lynx'),
(144, '2022-01-09 14:16:30', NULL, 'Turkey', 3, NULL, 45, '2.0', NULL, NULL, NULL, NULL, NULL, NULL, 100, NULL, NULL, 0, 0, 0, 0, 0, 0, 0, 0, 0, 0, NULL, 'N', 'Turkey', 'Turkey'),
(145, '2022-01-09 14:17:12', NULL, 'Swan', 3, NULL, 67, '3.0', NULL, NULL, NULL, NULL, NULL, NULL, 100, NULL, NULL, 0, 0, 0, 0, 0, 0, 0, 0, 0, 0, NULL, 'N', 'Swan', 'Swan'),
(146, '2022-01-09 14:34:31', NULL, 'Vulture', 3, NULL, 58, '3.0', NULL, NULL, NULL, NULL, NULL, NULL, 100, NULL, NULL, 0, 0, 0, 0, 0, 0, 0, 0, 0, 0, NULL, 'N', 'Vulture', 'Vulture'),
(147, '2022-01-09 14:47:45', NULL, 'Love Bird', 3, NULL, 156, '1.0', 35, 50, 50, 50, 50, 60, 100, 10, 10, 0, 0, 0, 0, 0, 0, 0, 0, 0, 0, NULL, 'N', 'Love Bird', 'Love Bird'),
(148, '2022-01-09 14:48:21', NULL, 'Hyacinth Macaw', 3, NULL, 156, '3.0', NULL, NULL, NULL, NULL, NULL, NULL, 100, NULL, NULL, 0, 0, 0, 0, 0, 0, 0, 0, 0, 0, NULL, 'N', 'Hyacinth Macaw', 'Hyacinth Macaw'),
(149, '2022-01-09 14:53:02', NULL, 'Emperor Penguin', 3, NULL, 123, '3.0', NULL, NULL, NULL, NULL, NULL, NULL, 100, NULL, NULL, 0, 0, 0, 0, 0, 0, 0, 0, 0, 0, NULL, 'N', 'Emperor Penguin', 'Emperor Penguin')
ON DUPLICATE KEY UPDATE
    `dt_modifica` = VALUES(`dt_modifica`),
    `species` = VALUES(`species`),
    `id_class` = VALUES(`id_class`),
    `id_subclass` = VALUES(`id_subclass`),
    `id_family` = VALUES(`id_family`),
    `tier` = VALUES(`tier`),
    `base_hp` = VALUES(`base_hp`),
    `base_atk` = VALUES(`base_atk`),
    `base_def` = VALUES(`base_def`),
    `base_matk` = VALUES(`base_matk`),
    `base_mdef` = VALUES(`base_mdef`),
    `base_spd` = VALUES(`base_spd`),
    `base_acc` = VALUES(`base_acc`),
    `base_eva` = VALUES(`base_eva`),
    `base_cr` = VALUES(`base_cr`),
    `reward_atk` = VALUES(`reward_atk`),
    `reward_def` = VALUES(`reward_def`),
    `reward_matk` = VALUES(`reward_matk`),
    `reward_mdef` = VALUES(`reward_mdef`),
    `reward_hp` = VALUES(`reward_hp`),
    `reward_acc` = VALUES(`reward_acc`),
    `reward_eva` = VALUES(`reward_eva`),
    `reward_cr` = VALUES(`reward_cr`),
    `reward_spd` = VALUES(`reward_spd`),
    `reward_exp` = VALUES(`reward_exp`),
    `description` = VALUES(`description`),
    `flg_attivo` = VALUES(`flg_attivo`),
    `species_it` = VALUES(`species_it`),
    `species_pt` = VALUES(`species_pt`);

-- species_abilities (9 rows)
INSERT INTO `playanimaster_db`.`species_abilities` (`id_species_ability`, `dt_creazione`, `dt_modifica`, `id_species`, `id_ability`, `unlock_lvl`, `id_element`) VALUES
(1, '2022-01-12 18:44:05', NULL, 1, 2, 0, 0),
(2, '2022-01-12 18:44:05', NULL, 1, 4, 0, 0),
(3, '2022-01-12 18:44:05', NULL, 1, 6, 0, 0),
(4, '2022-01-12 18:44:39', NULL, 2, 1, 0, 0),
(5, '2022-01-12 18:44:39', NULL, 2, 3, 0, 0),
(6, '2022-01-12 18:44:39', NULL, 2, 5, 0, 0),
(7, '2022-01-12 18:51:39', NULL, 61, 7, 0, 0),
(8, '2022-01-12 18:51:39', NULL, 61, 3, 0, 0),
(9, '2022-01-12 18:51:39', NULL, 61, 8, 0, 0)
ON DUPLICATE KEY UPDATE
    `dt_modifica` = VALUES(`dt_modifica`),
    `id_species` = VALUES(`id_species`),
    `id_ability` = VALUES(`id_ability`),
    `unlock_lvl` = VALUES(`unlock_lvl`),
    `id_element` = VALUES(`id_element`);

-- item_types (8 rows)
INSERT INTO `playanimaster_db`.`item_types` (`id_item_type`, `dt_creazione`, `dt_modifica`, `item_type`, `nome`, `descrizione`, `price`, `sell_price`, `use_effect`, `flg_holdable`, `flg_tradable`, `flg_sellable`, `flg_usable`, `usable_on`, `flg_stackable`, `stack_limit`, `flg_usable_in_battle`, `flg_usable_outside_battle`, `flg_usable_on_alive`, `flg_usable_on_fainted`, `nome_it`, `nome_pt`, `descrizione_it`, `descrizione_pt`) VALUES
(1, '2022-01-03 12:44:36', NULL, 'potions', 'Potion', 'A device that can be used on an animal to heal 20 health points', 100, 50, 20, 'S', 'S', 'S', 'S', 'animals', 'S', 9999, 'S', 'S', 'S', 'N', 'Pozione', 'Bateria', 'Un oggetto che puo essere usato su una creatura per recuperare 20 punti vita', 'Um objecto que pode ser usado numa creatura para recuperar 20 pontos de vida'),
(2, '2022-01-03 12:45:18', NULL, 'potions', 'Super Potion', 'A device that can be used on an animal to heal 35 health points', 200, 100, 35, 'S', 'S', 'S', 'S', 'animals', 'S', 9999, 'S', 'S', 'S', 'N', 'Super Pozione', 'Super Bateria', 'Un oggetto che puo essere usato su una creatura per recuperare 35 punti vita', 'Um objecto que pode ser usado numa creatura para recuperar 35 pontos de vida'),
(3, '2022-01-03 12:45:39', NULL, 'potions', 'Hyper Potion', 'A device that can be used on an animal to heal 75 health points', 500, 250, 75, 'S', 'S', 'S', 'S', 'animals', 'S', 9999, 'S', 'S', 'S', 'N', 'Hyper Pozione', 'Hyper Bateria', 'Un oggetto che puo essere usato su una creatura per recuperare 75 punti vita', 'Um objecto que pode ser usado numa creatura para recuperar 75 pontos de vida'),
(4, '2022-01-03 12:46:02', NULL, 'potions', 'Ultra Potion', 'A device that can be used on an animal to heal 125 health points', 1000, 500, 125, 'S', 'S', 'S', 'S', 'animals', 'S', 9999, 'S', 'S', 'S', 'N', 'Ultra Pozione', 'Ultra Bateria', 'Un oggetto che puo essere usato su una creatura per recuperare 125 punti vita', 'Um objecto que pode ser usado numa creatura para recuperar 125 pontos de vida'),
(5, '2022-01-03 12:55:45', NULL, 'potions', 'Giga Potion', 'A device that can be used on an animal to heal 200 health points', 2000, 1000, 200, 'S', 'S', 'S', 'S', 'animals', 'S', 9999, 'S', 'S', 'S', 'N', 'Giga Pozione', 'Giga Bateria', 'Un oggetto che puo essere usato su una creatura per recuperare 200 punti vita', 'Um objecto que pode ser usado numa creatura para recuperar 200 pontos de vida'),
(6, '2026-06-28 21:09:43', NULL, 'quest_material', 'Element Shard (Fire)', 'Quest material for class specialization.', 0, 0, 0, 'S', 'N', 'N', 'N', 'none', 'S', 9999, 'N', 'N', 'N', 'N', 'Frammento elementale (Fuoco)', 'Fragmento elemental (Fogo)', 'Materiale per specializzazione di classe.', 'Material para especializacao de classe.'),
(7, '2026-06-28 21:09:43', NULL, 'quest_material', 'Field Notes', 'Research notes collected in the field.', 0, 0, 0, 'S', 'N', 'N', 'N', 'none', 'S', 9999, 'N', 'N', 'N', 'N', 'Appunti di campo', 'Notas de campo', 'Appunti raccolti sul campo.', 'Notas recolhidas no campo.'),
(8, '2026-06-28 21:09:43', NULL, 'quest_material', 'Microscope Trinket', 'A crafted lens assembly for the lab.', 0, 0, 0, 'S', 'N', 'N', 'N', 'none', 'S', 9999, 'N', 'N', 'N', 'N', 'Trinket microscopio', 'Trinket microscopio', 'Lente artigianale per il laboratorio.', 'Lente artesanal para o laboratorio.')
ON DUPLICATE KEY UPDATE
    `dt_modifica` = VALUES(`dt_modifica`),
    `item_type` = VALUES(`item_type`),
    `nome` = VALUES(`nome`),
    `descrizione` = VALUES(`descrizione`),
    `price` = VALUES(`price`),
    `sell_price` = VALUES(`sell_price`),
    `use_effect` = VALUES(`use_effect`),
    `flg_holdable` = VALUES(`flg_holdable`),
    `flg_tradable` = VALUES(`flg_tradable`),
    `flg_sellable` = VALUES(`flg_sellable`),
    `flg_usable` = VALUES(`flg_usable`),
    `usable_on` = VALUES(`usable_on`),
    `flg_stackable` = VALUES(`flg_stackable`),
    `stack_limit` = VALUES(`stack_limit`),
    `flg_usable_in_battle` = VALUES(`flg_usable_in_battle`),
    `flg_usable_outside_battle` = VALUES(`flg_usable_outside_battle`),
    `flg_usable_on_alive` = VALUES(`flg_usable_on_alive`),
    `flg_usable_on_fainted` = VALUES(`flg_usable_on_fainted`),
    `nome_it` = VALUES(`nome_it`),
    `nome_pt` = VALUES(`nome_pt`),
    `descrizione_it` = VALUES(`descrizione_it`),
    `descrizione_pt` = VALUES(`descrizione_pt`);

-- costanti (7 rows)
INSERT INTO `playanimaster_db`.`costanti` (`id_costante`, `costante`, `valore`) VALUES
(4, 'lvl_up_constant_animal', 40),
(5, 'lvl_up_constant_player', 80),
(6, 'exp_loss_percent_on_death', 5),
(7, 'INITIAL_POSITION_X', 0),
(8, 'INITIAL_POSITION_Y', 0),
(9, 'INITIAL_POSITION_Z', 0),
(10, 'INITIAL_MOVE_SPEED', 123)
ON DUPLICATE KEY UPDATE
    `costante` = VALUES(`costante`),
    `valore` = VALUES(`valore`);

-- buff_definitions (4 rows)
INSERT INTO `playanimaster_db`.`buff_definitions` (`id_buff_definition`, `buff_code`, `name`, `name_it`, `name_pt`, `description`, `description_it`, `description_pt`, `target_entity`, `stat_key`, `modifier_kind`, `modifier_value`, `is_debuff`, `flg_active`, `dt_c`) VALUES
(1, 'atk_up_10', 'Attack Up', 'Attacco +', 'Ataque +', 'Raises attack by 10%.', 'Aumenta l\'attacco del 10%.', 'Aumenta o ataque em 10%.', 'animal', 'atk', 'percent', '10.0000', 'N', 'S', '2026-06-28 09:54:37'),
(2, 'def_down_10', 'Defense Down', 'Difesa -', 'Defesa -', 'Lowers defense by 10%.', 'Riduce la difesa del 10%.', 'Reduz a defesa em 10%.', 'animal', 'def', 'percent', '10.0000', 'S', 'S', '2026-06-28 09:54:37'),
(3, 'party_spd_up_5', 'Party Speed Up', 'Velocita squadra +', 'Velocidade grupo +', 'Raises speed of all team animals by 5%.', 'Aumenta la velocita di tutta la squadra del 5%.', 'Aumenta a velocidade de toda a equipa em 5%.', 'user_ig', 'spd', 'percent', '5.0000', 'N', 'S', '2026-06-28 09:54:37'),
(5, 'atk_up_100', 'Attack Up', 'Attacco +', 'Ataque +', 'Raises attack by 100%.', 'Aumenta l\'attacco del 100%.', 'Aumenta o ataque em 100%.', 'animal', 'atk', 'percent', '100.0000', 'N', 'S', '2026-06-28 09:54:37')
ON DUPLICATE KEY UPDATE
    `buff_code` = VALUES(`buff_code`),
    `name` = VALUES(`name`),
    `name_it` = VALUES(`name_it`),
    `name_pt` = VALUES(`name_pt`),
    `description` = VALUES(`description`),
    `description_it` = VALUES(`description_it`),
    `description_pt` = VALUES(`description_pt`),
    `target_entity` = VALUES(`target_entity`),
    `stat_key` = VALUES(`stat_key`),
    `modifier_kind` = VALUES(`modifier_kind`),
    `modifier_value` = VALUES(`modifier_value`),
    `is_debuff` = VALUES(`is_debuff`),
    `flg_active` = VALUES(`flg_active`);

-- player_classes (14 rows)
INSERT INTO `playanimaster_db`.`player_classes` (`id_player_class`, `code`, `name`, `name_it`, `name_pt`, `parent_id_player_class`, `unlock_level`, `starter_branch`) VALUES
(1, 'nerd', 'Nerd', 'Nerd', 'Nerd', NULL, 1, 'nerd'),
(2, 'stud', 'Stud', 'Stud', 'Stud', NULL, 1, 'stud'),
(3, 'artist', 'Artist', 'Artista', 'Artista', 1, 25, NULL),
(4, 'scientist', 'Scientist', 'Scienziato', 'Cientista', 1, 25, NULL),
(5, 'trainer', 'Trainer', 'Allenatore', 'Treinador', 2, 25, NULL),
(6, 'adventurer', 'Adventurer', 'Avventuriero', 'Aventureiro', 2, 25, NULL),
(7, 'musician', 'Musician', 'Musicista', 'Musico', 3, 50, NULL),
(8, 'stylist', 'Stylist', 'Stilista', 'Estilista', 3, 50, NULL),
(9, 'veterinarian', 'Veterinarian', 'Veterinario', 'Veterinario', 4, 50, NULL),
(10, 'pharmacist', 'Pharmacist', 'Farmacista', 'Farmaceutico', 4, 50, NULL),
(11, 'striker', 'Striker', 'Assalitore', 'Atacante', 5, 50, NULL),
(12, 'guardian', 'Guardian', 'Guardiano', 'Guardiao', 5, 50, NULL),
(13, 'scout', 'Scout', 'Esploratore', 'Batedor', 6, 50, NULL),
(14, 'explorer', 'Explorer', 'Esploratore', 'Explorador', 6, 50, NULL)
ON DUPLICATE KEY UPDATE
    `code` = VALUES(`code`),
    `name` = VALUES(`name`),
    `name_it` = VALUES(`name_it`),
    `name_pt` = VALUES(`name_pt`),
    `parent_id_player_class` = VALUES(`parent_id_player_class`),
    `unlock_level` = VALUES(`unlock_level`),
    `starter_branch` = VALUES(`starter_branch`);

-- player_class_abilities (6 rows)
INSERT INTO `playanimaster_db`.`player_class_abilities` (`id_player_class_ability`, `id_player_class`, `code`, `name`, `name_it`, `name_pt`, `description`, `description_it`, `description_pt`, `use_context`, `cooldown_turns`, `cooldown_seconds`, `effect_json`, `unlock_level`, `flg_active`) VALUES
(1, 1, 'nerd_shard_identify', 'Keen Eye', 'Occhio attento', 'Olho atento', '+5% element shard identify rate on wild inspect.', '+5% identificazione frammenti al ispezionare selvatici.', '+5% identificacao de fragmentos ao inspecionar.', 'field', 0, 0, '{\"type\":\"passive\",\"stat\":\"shard_identify\",\"percent\":5}', 1, 'S'),
(2, 1, 'nerd_accuracy_aura', 'Steady Focus', 'Mira stabile', 'Foco estavel', '+5% accuracy on team when you act first in a round.', '+5% precisione alla squadra quando agisci per primo nel turno.', '+5% precisao na equipa quando ages primeiro na ronda.', 'battle', 0, 0, '{\"type\":\"passive\",\"stat\":\"acc\",\"percent\":5,\"when\":\"acts_first_in_round\"}', 1, 'S'),
(3, 2, 'stud_move_speed', 'Long Stride', 'Passo lungo', 'Passo longo', '+5% move speed outside battle.', '+5% velocita di movimento fuori lotta.', '+5% velocidade de movimento fora de combate.', 'field', 0, 0, '{\"type\":\"passive\",\"stat\":\"move_speed\",\"percent\":5}', 1, 'S'),
(4, 2, 'stud_first_crit', 'Opening Blow', 'Colpo iniziale', 'Golpe inicial', '+5% crit on first animal attack each battle.', '+5% crit sul primo attacco animale per lotta.', '+5% crit no primeiro ataque animal por batalha.', 'battle', 0, 0, '{\"type\":\"passive\",\"stat\":\"cr\",\"percent\":5,\"when\":\"first_attack_per_battle\"}', 1, 'S'),
(5, 4, 'scientist_analyze', 'Analyze', 'Analizza', 'Analisar', 'Reveal enemy resistances and next AI tendency for 1 turn.', 'Rivela resistenze nemiche e la prossima mossa IA per 1 turno.', 'Revela resistencias inimigas e a proxima tendencia IA por 1 turno.', 'battle', 3, 0, '{\"type\":\"active\",\"effect\":\"analyze_enemy\"}', 25, 'S'),
(6, 4, 'scientist_sample', 'Sample', 'Campiona', 'Amostra', 'Sample wild remains for bestiary progress.', 'Campiona resti selvatici per progressi bestiario.', 'Amostra restos selvagens para progresso do bestiario.', 'field', 0, 300, '{\"type\":\"active\",\"effect\":\"sample_wild\"}', 25, 'S')
ON DUPLICATE KEY UPDATE
    `id_player_class` = VALUES(`id_player_class`),
    `code` = VALUES(`code`),
    `name` = VALUES(`name`),
    `name_it` = VALUES(`name_it`),
    `name_pt` = VALUES(`name_pt`),
    `description` = VALUES(`description`),
    `description_it` = VALUES(`description_it`),
    `description_pt` = VALUES(`description_pt`),
    `use_context` = VALUES(`use_context`),
    `cooldown_turns` = VALUES(`cooldown_turns`),
    `cooldown_seconds` = VALUES(`cooldown_seconds`),
    `effect_json` = VALUES(`effect_json`),
    `unlock_level` = VALUES(`unlock_level`),
    `flg_active` = VALUES(`flg_active`);

-- requirements (6 rows)
INSERT INTO `playanimaster_db`.`requirements` (`id_requirement`, `requirement_type`) VALUES
(10, 'conversation finished'),
(11, 'conversation not finished'),
(2, 'item'),
(3, 'number of animals'),
(13, 'player class'),
(8, 'user lvl')
ON DUPLICATE KEY UPDATE
    `requirement_type` = VALUES(`requirement_type`);

-- consequences (4 rows)
INSERT INTO `playanimaster_db`.`consequences` (`id_consequence`, `consequence_type`) VALUES
(2, 'receive_random_animal'),
(1, '[obtain item]'),
(3, '[set player_class]'),
(4, 'grant_team_buff')
ON DUPLICATE KEY UPDATE
    `consequence_type` = VALUES(`consequence_type`);

-- zones (2 rows)
INSERT INTO `playanimaster_db`.`zones` (`id_zone`, `scene_name`) VALUES
(1000, 'Zone_1000'),
(1001, 'Zone_0001')
ON DUPLICATE KEY UPDATE
    `scene_name` = VALUES(`scene_name`);

-- npcs (4 rows)
INSERT INTO `playanimaster_db`.`npcs` (`id_npc`, `npc`, `type`, `id_zone`, `posx`, `posy`, `rangex`, `rangey`, `direction`, `sight_distance`, `npc_type_prefab`, `posz`, `wander_range`, `euler_x`, `euler_y`, `euler_z`, `gender`) VALUES
(1, 'Prof', 'story', 1000, 0, 0, 0, 0, 'D', 0, 'trader', 0, 0, 0, 0, 0, NULL),
(2, 'Assistant', 'story adjacent?', 1000, 50, 0, 0, 0, 'D', 0, 'trader', 0, 0, 0, 0, 0, NULL),
(3, 'Tamer', 'story', 1000, 0, 50, 0, 0, 'D', 0, 'trader', 50, 0, 0, 0, 0, NULL),
(4, 'Lab Director', 'story', 1000, -30, 50, 0, 0, 'D', 0, 'Scientist', -20, 0, 0, 0, 0, NULL)
ON DUPLICATE KEY UPDATE
    `npc` = VALUES(`npc`),
    `type` = VALUES(`type`),
    `id_zone` = VALUES(`id_zone`),
    `posx` = VALUES(`posx`),
    `posy` = VALUES(`posy`),
    `rangex` = VALUES(`rangex`),
    `rangey` = VALUES(`rangey`),
    `direction` = VALUES(`direction`),
    `sight_distance` = VALUES(`sight_distance`),
    `npc_type_prefab` = VALUES(`npc_type_prefab`),
    `posz` = VALUES(`posz`),
    `wander_range` = VALUES(`wander_range`),
    `euler_x` = VALUES(`euler_x`),
    `euler_y` = VALUES(`euler_y`),
    `euler_z` = VALUES(`euler_z`),
    `gender` = VALUES(`gender`);

-- conversations (11 rows)
INSERT INTO `playanimaster_db`.`conversations` (`id_conversation`, `id_npc`, `visible`, `title`, `title_it`, `title_pt`, `flg_register`) VALUES
(3, 1, 'S', 'Greeting', 'Saluto', 'Saudacao', 'N'),
(4, 1, 'S', 'First Companion', 'Primo compagno', 'Primeiro companheiro', 'S'),
(6, 1, 'S', 'Wild animals', 'Animali selvaggi', 'Animais selvagens', 'N'),
(7, 2, 'S', 'Greeting', 'Saluto', 'Saudacao', 'N'),
(8, 3, 'S', 'Help me help you', 'Aiutami ad aiutarti', 'Ajuda-me a ajudar-te', 'S'),
(9, 3, 'S', 'Third is the charm', 'La terza e la volta buona', 'A terceira e a da certeza', 'S'),
(10, 4, 'S', 'Scientific specialization', 'Specializzazione scientifica', 'Especializacao cientifica', 'S'),
(11, 3, 'S', 'Work hard', 'Allenati', 'Treina', 'N'),
(12, 3, 'S', 'Hows it going?', 'Come va?', 'Como vai?', 'N'),
(13, 4, 'S', 'Greetings', 'Salve', 'Saudaçoes', 'N'),
(14, 4, 'S', 'Welcome', 'Benvenuto', 'Bem-vindo', 'N')
ON DUPLICATE KEY UPDATE
    `id_npc` = VALUES(`id_npc`),
    `visible` = VALUES(`visible`),
    `title` = VALUES(`title`),
    `title_it` = VALUES(`title_it`),
    `title_pt` = VALUES(`title_pt`),
    `flg_register` = VALUES(`flg_register`);

-- dialogues (20 rows)
INSERT INTO `playanimaster_db`.`dialogues` (`id_dialog`, `id_conversation`, `order`, `flg_last`, `flg_options`, `dialog`, `dialog_it`, `dialog_pt`) VALUES
(4, 3, 1, 'S', 'N', 'Hello! Good to see you again.', 'Ciao! Che piacere rivederti.', 'Ola! Bom te ver outra vez.'),
(5, 4, 1, 'N', 'N', 'Hello! Welcome to Animaster.', 'Ciao! Benvenuto in Animaster.', 'Ola! Bem-vindo ao Animaster.'),
(6, 4, 2, 'S', 'S', 'You do not have any animals yet. Would you like to receive your first companion?', 'Non hai ancora nessun animale. Vuoi ricevere il tuo primo compagno?', 'Ainda nao tens nenhum animal. Queres receber o teu primeiro companheiro?'),
(11, 6, 1, 'N', 'N', 'Traveler, be careful out there. The wild animals in this zone have become aggressive and unpredictable.', 'Viaggiatore, fai attenzione la fuori. Gli animali selvaggi in questa zona sono diventati aggressivi e imprevedibili.', 'Viajante, tem cuidado la fora. Os animais selvagens nesta zona tornaram-se agressivos e imprevisiveis.'),
(12, 6, 2, 'N', 'N', 'If your team gets hurt, use Potions outside battle. Always keep a few with you before exploring.', 'Se la tua squadra si ferisce, usa le Pozioni fuori dalla lotta. Tienine sempre qualcuna prima di esplorare.', 'Se a tua equipa se magoar, usa Pocoes fora de combate. Mantem sempre algumas contigo antes de explorar.'),
(13, 6, 3, 'S', 'S', 'Here, take this Potion. Stay safe!', 'Ecco, prendi questa Pozione. Stai attento!', 'Toma, fica com esta Pocao. Cuida-te!'),
(14, 7, 1, 'S', 'N', 'Hello! Good to see you again.', 'Ciao! Che piacere rivederti.', 'Ola! Bom te ver outra vez.'),
(15, 8, 2, 'S', 'S', 'A strong trainer builds their team step by step. You still have room for another companion — want me to find one for you?', 'Un buon allenatore costruisce la squadra un passo alla volta. Hai ancora spazio per un altro compagno — vuoi che te ne trovi uno?', 'Um bom treinador forma a equipa passo a passo. Ainda tens espaco para outro companheiro — queres que te arranje um?'),
(16, 9, 1, 'S', 'S', 'Back again? Good. You are ready for a third partner on your journey. Shall I find one for you?', 'Di nuovo qui? Bene. Sei pronto per un terzo compagno di viaggio. Te ne cerco uno?', 'Outra vez? Otimo. Estas pronto para um terceiro parceiro de viagem. Arranjo-te um?'),
(17, 10, 1, 'N', 'N', 'Your field data is promising. With the materials you brought, we can register you as a Scientist.', 'I tuoi dati sul campo sono promettenti. Con i materiali che hai portato possiamo registrarti come Scienziato.', 'Os teus dados de campo sao promissores. Com os materiais que trouxeste podemos registar-te como Cientista.'),
(18, 10, 2, 'S', 'S', 'Are you ready to specialize as a Scientist? This choice is permanent.', 'Sei pronto a specializzarti come Scienziato? Questa scelta e permanente.', 'Estas pronto para te especializares como Cientista? Esta escolha e permanente.'),
(19, 11, 1, 'S', 'N', 'Keep training and come back (lvl8)', 'Continua ad allenarti e torna da me (lvl8)', 'Continua a treinar e volta aqui (lvl8)'),
(20, 8, 1, 'N', 'N', 'Hi there! My name is Tamer. I\'m here to help the Prof\'s animal friends continue to improve.', 'Ciao! Mi chiamo Tamer. Sono qui per aiutare gli amici del Prof a migliorare.', 'Ola! Sou o Tamer. Estou aqui para ajudar os novos amigos do Prof a melhorar.'),
(21, 12, 1, 'N', 'N', 'Hello there! How are the puppies?', 'Ciao! Come stanno i cuccioli?', 'Ola! Como estao os bebes?'),
(22, 12, 2, 'S', 'N', 'Ohh I can see they\'re growing well. Keep up the good work :)', 'Ahh vedo che stanno crescendo! Continua cosi :)', 'AHH tou a ver que estao a crescer bem! continua assim :)'),
(23, 13, 1, 'N', 'N', 'Hello there. I specialize in those who seek to master knowledge.', 'Hello there. I specialize in those who seek to master knowledge.', 'Hello there. I specialize in those who seek to master knowledge.'),
(24, 13, 1, 'N', 'N', 'You seem more of a... \"hands-on\" type of individual...', 'You seem more of a... \"hands-on\" type of individual...', 'You seem more of a... \"hands-on\" type of individual...'),
(25, 13, 1, 'N', 'N', 'I\'m sure you\'ll find better guidance on the opposite side of town. Have a nice day', 'I\'m sure you\'ll find better guidance on the opposite side of town. Have a nice day', 'I\'m sure you\'ll find better guidance on the opposite side of town. Have a nice day'),
(26, 14, 1, 'N', 'N', 'You\'ve come to the right place. But perhaps a little too soon.', 'You\'ve come to the right place. But perhaps a little too soon.', 'You\'ve come to the right place. But perhaps a little too soon.'),
(27, 14, 1, 'N', 'N', 'I have great guidance to offer you, but you need to become a little stronger first. Come back at lvl 25', 'I have great guidance to offer you, but you need to become a little stronger first. Come back at lvl 25', 'I have great guidance to offer you, but you need to become a little stronger first. Come back at lvl 25')
ON DUPLICATE KEY UPDATE
    `id_conversation` = VALUES(`id_conversation`),
    `order` = VALUES(`order`),
    `flg_last` = VALUES(`flg_last`),
    `flg_options` = VALUES(`flg_options`),
    `dialog` = VALUES(`dialog`),
    `dialog_it` = VALUES(`dialog_it`),
    `dialog_pt` = VALUES(`dialog_pt`);

-- dialogues_options (9 rows)
INSERT INTO `playanimaster_db`.`dialogues_options` (`id_dialog_option`, `id_dialog`, `option_n`, `option`, `option_it`, `option_pt`, `option_color`, `option_text`, `option_text_it`, `option_text_pt`) VALUES
(1, 6, 1, NULL, NULL, NULL, 'green', 'Yes, give me my first animal!', 'Si, voglio il mio primo animale!', 'Sim, quero o meu primeiro animal!'),
(2, 6, 2, NULL, NULL, NULL, 'red', 'Not now', 'Non adesso', 'Agora nao'),
(5, 13, 1, NULL, NULL, NULL, 'green', 'Thank you!', 'Grazie!', 'Obrigado!'),
(6, 15, 1, NULL, NULL, NULL, 'green', 'Yes, I\'d like another!', 'Si, ne vorrei un altro!', 'Sim, quero outro!'),
(7, 15, 2, NULL, NULL, NULL, 'red', 'Not now', 'Non adesso', 'Agora nao'),
(8, 16, 1, NULL, NULL, NULL, 'green', 'Yes, give me another!', 'Si, dammi un altro!', 'Sim, da-me outro!'),
(9, 16, 2, NULL, NULL, NULL, 'red', 'Not now', 'Non adesso', 'Agora nao'),
(10, 18, 1, NULL, NULL, NULL, 'green', 'I\'m ready to specialize', 'Sono pronto a specializzarmi', 'Estou pronto para me especializar'),
(11, 18, 2, NULL, NULL, NULL, 'red', 'Not yet', 'Non ancora', 'Ainda nao')
ON DUPLICATE KEY UPDATE
    `id_dialog` = VALUES(`id_dialog`),
    `option_n` = VALUES(`option_n`),
    `option` = VALUES(`option`),
    `option_it` = VALUES(`option_it`),
    `option_pt` = VALUES(`option_pt`),
    `option_color` = VALUES(`option_color`),
    `option_text` = VALUES(`option_text`),
    `option_text_it` = VALUES(`option_text_it`),
    `option_text_pt` = VALUES(`option_text_pt`);

-- conversation_requirements (18 rows)
INSERT INTO `playanimaster_db`.`conversation_requirements` (`id_conversation_requirement`, `id_conversation`, `id_requirement`, `id_ref`, `ref_table`, `ref_description`, `min`, `max`, `descrizione`) VALUES
(3, 3, 3, 0, 'animals', NULL, 1, NULL, 'Account has at least one animal'),
(4, 4, 3, 0, 'ZERO', NULL, 0, 0, 'Account has no animals'),
(5, 6, 2, 1, 'item_types', NULL, 0, 4, 'Fewer than 5 potions in inventory'),
(6, 8, 8, 0, NULL, NULL, 4, NULL, 'Player level at least 4'),
(7, 8, 3, 0, 'LT_2', NULL, 0, 1, 'Fewer than 2 animals on account'),
(8, 9, 10, 8, 'CONVERSATION', NULL, 0, 0, 'Completed conversation Help me help you'),
(9, 9, 8, 0, NULL, NULL, 8, NULL, 'Player level at least 8'),
(10, 9, 3, 0, 'LT_3', NULL, 0, 2, 'Fewer than 3 animals on account'),
(11, 10, 13, 1, 'PLAYER_CLASS', 'nerd', 1, 1, 'Player is Nerd'),
(12, 10, 8, 0, NULL, NULL, 25, NULL, 'Player level at least 25'),
(13, 10, 2, 6, 'item_types', NULL, 5, NULL, 'At least 5 Element Shard (Fire)'),
(14, 10, 2, 7, 'item_types', NULL, 3, NULL, 'At least 3 Field Notes'),
(15, 10, 2, 8, 'item_types', NULL, 1, NULL, 'At least 1 Microscope Trinket'),
(16, 11, 8, 0, NULL, NULL, 0, 7, 'character under lvl 8'),
(17, 12, 10, 9, 'CONVERSATION', NULL, 0, 0, 'finished conversation 9 - Third is the charm'),
(18, 13, 13, 2, 'PLAYER_CLASS', 'stud', 0, NULL, 'Player class stud'),
(19, 14, 13, 1, 'PLAYER_CLASS', 'nerd', 0, NULL, NULL),
(20, 14, 8, 0, NULL, NULL, 0, 24, 'Player lvl under 25')
ON DUPLICATE KEY UPDATE
    `id_conversation` = VALUES(`id_conversation`),
    `id_requirement` = VALUES(`id_requirement`),
    `id_ref` = VALUES(`id_ref`),
    `ref_table` = VALUES(`ref_table`),
    `ref_description` = VALUES(`ref_description`),
    `min` = VALUES(`min`),
    `max` = VALUES(`max`),
    `descrizione` = VALUES(`descrizione`);

-- conversation_consequences (5 rows)
INSERT INTO `playanimaster_db`.`conversation_consequences` (`id_conversation_consequence`, `id_conversation`, `id_option`, `id_consequence`, `id_ref`, `ref_table`, `ref_description`, `num`, `params_json`) VALUES
(2, 6, 5, 1, 1, 'item_types', NULL, 1, NULL),
(4, 8, 6, 2, 0, NULL, NULL, 1, '{\"species_pool\":[1,2,3],\"element_pool\":[1,2,3,4,5,6,7]}'),
(5, 9, 8, 2, 0, NULL, NULL, 1, '{\"species_pool\":[1,2,3],\"element_pool\":[1,2,3,4,5,6,7]}'),
(6, 10, 10, 3, 4, 'PLAYER_CLASS', 'scientist', 1, '{\"consume_items\":[{\"id_item_type\":6,\"quantity\":5},{\"id_item_type\":7,\"quantity\":3},{\"id_item_type\":8,\"quantity\":1}]}'),
(7, 4, 1, 2, 0, NULL, NULL, 1, '{\"species_pool\":[1,2,3],\"element_pool\":[1,2,3,4,5,6,7]}')
ON DUPLICATE KEY UPDATE
    `id_conversation` = VALUES(`id_conversation`),
    `id_option` = VALUES(`id_option`),
    `id_consequence` = VALUES(`id_consequence`),
    `id_ref` = VALUES(`id_ref`),
    `ref_table` = VALUES(`ref_table`),
    `ref_description` = VALUES(`ref_description`),
    `num` = VALUES(`num`),
    `params_json` = VALUES(`params_json`);

-- npc_requirements (2 rows)
INSERT INTO `playanimaster_db`.`npc_requirements` (`id_npc_requirement`, `id_npc`, `id_requirement`, `id_ref`, `ref_table`, `ref_description`, `min`, `max`, `descrizione`) VALUES
(1, 2, 2, 1, 'item_types', NULL, 5, NULL, 'at least 5 potions'),
(2, 3, 8, 0, NULL, NULL, 4, NULL, 'Player level at least 4')
ON DUPLICATE KEY UPDATE
    `id_npc` = VALUES(`id_npc`),
    `id_requirement` = VALUES(`id_requirement`),
    `id_ref` = VALUES(`id_ref`),
    `ref_table` = VALUES(`ref_table`),
    `ref_description` = VALUES(`ref_description`),
    `min` = VALUES(`min`),
    `max` = VALUES(`max`),
    `descrizione` = VALUES(`descrizione`);

-- quests: (empty)

-- quest_requirements: (empty)

-- spawn_points (4 rows)
INSERT INTO `playanimaster_db`.`spawn_points` (`id_spawn_point`, `id_zone`, `x`, `y`, `z`, `radius`, `number_of_animals`) VALUES
(1, 1000, 100, 100, 100, 50, 5),
(2, 1000, -100, 100, 100, 50, 5),
(3, 1000, 100, 100, -100, 50, 5),
(4, 1000, -100, 100, -100, 50, 5)
ON DUPLICATE KEY UPDATE
    `id_zone` = VALUES(`id_zone`),
    `x` = VALUES(`x`),
    `y` = VALUES(`y`),
    `z` = VALUES(`z`),
    `radius` = VALUES(`radius`),
    `number_of_animals` = VALUES(`number_of_animals`);

-- zone_animals (4 rows)
INSERT INTO `playanimaster_db`.`zone_animals` (`id_zone_animal`, `dt_creazione`, `dt_modifica`, `id_zone`, `id_species`, `lvl_min`, `lvl_max`, `chance_points`, `id_spawn_point`) VALUES
(5, '2022-01-06 23:15:44', NULL, 1000, 1, 2, 5, 100, 1),
(6, '2022-01-06 23:15:48', NULL, 1000, 2, 2, 5, 100, 2),
(7, '2022-01-06 23:15:50', NULL, 1000, 3, 200, 220, 300, 3),
(8, '2022-01-06 23:15:53', NULL, 1000, 67, 2, 5, 100, 4)
ON DUPLICATE KEY UPDATE
    `dt_modifica` = VALUES(`dt_modifica`),
    `id_zone` = VALUES(`id_zone`),
    `id_species` = VALUES(`id_species`),
    `lvl_min` = VALUES(`lvl_min`),
    `lvl_max` = VALUES(`lvl_max`),
    `chance_points` = VALUES(`chance_points`),
    `id_spawn_point` = VALUES(`id_spawn_point`);

-- wild_animal_drop_types (16 rows)
INSERT INTO `playanimaster_db`.`wild_animal_drop_types` (`id_wild_animal_drop_type`, `dt_c`, `dt_m`, `drop_type`, `id_item_type`, `id_species`, `lvl_min`, `lvl_max`, `qt_min`, `qt_max`, `chance`, `id_quest_required`) VALUES
(17, '2022-01-23 12:57:13', '2022-01-23 12:57:13', 'item', 1, 1, 1, 100, 1, 1, 10, 0),
(18, '2022-01-23 12:58:15', '2022-01-23 12:58:15', 'gold', 0, 1, 1, 10, 20, 30, 70, 0),
(19, '2022-01-23 12:58:32', '2022-01-23 12:58:32', 'gold', 0, 1, 11, 20, 30, 40, 70, 0),
(20, '2022-01-23 12:58:44', '2022-01-23 12:58:44', 'gold', 0, 1, 21, 30, 40, 50, 70, 0),
(21, '2022-01-23 17:06:02', NULL, 'item', 1, 2, 1, 100, 1, 1, 10, 0),
(22, '2022-01-23 17:06:02', NULL, 'gold', 0, 2, 1, 10, 20, 30, 70, 0),
(23, '2022-01-23 17:06:02', NULL, 'gold', 0, 2, 11, 20, 30, 40, 70, 0),
(24, '2022-01-23 17:06:02', NULL, 'gold', 0, 2, 21, 30, 40, 50, 70, 0),
(25, '2022-01-23 17:06:06', NULL, 'item', 1, 3, 1, 100, 1, 1, 10, 0),
(26, '2022-01-23 17:06:06', NULL, 'gold', 0, 3, 1, 10, 20, 30, 70, 0),
(27, '2022-01-23 17:06:06', NULL, 'gold', 0, 3, 11, 20, 30, 40, 70, 0),
(28, '2022-01-23 17:06:06', NULL, 'gold', 0, 3, 21, 30, 40, 50, 70, 0),
(29, '2022-01-23 17:06:08', NULL, 'item', 1, 4, 1, 100, 1, 1, 10, 0),
(30, '2022-01-23 17:06:08', NULL, 'gold', 0, 4, 1, 10, 20, 30, 70, 0),
(31, '2022-01-23 17:06:08', NULL, 'gold', 0, 4, 11, 20, 30, 40, 70, 0),
(32, '2022-01-23 17:06:08', NULL, 'gold', 0, 4, 21, 30, 40, 50, 70, 0)
ON DUPLICATE KEY UPDATE
    `dt_m` = VALUES(`dt_m`),
    `drop_type` = VALUES(`drop_type`),
    `id_item_type` = VALUES(`id_item_type`),
    `id_species` = VALUES(`id_species`),
    `lvl_min` = VALUES(`lvl_min`),
    `lvl_max` = VALUES(`lvl_max`),
    `qt_min` = VALUES(`qt_min`),
    `qt_max` = VALUES(`qt_max`),
    `chance` = VALUES(`chance`),
    `id_quest_required` = VALUES(`id_quest_required`);

-- language_texts (262 rows)
INSERT INTO `playanimaster_db`.`language_texts` (`id_language_text`, `dt_c`, `tag`, `text`, `text_it`, `text_pt`) VALUES
(1, '2026-06-24 21:23:51', 'ui.loading', 'Loading…', 'Caricamento…', 'A carregar…'),
(2, '2026-06-24 21:23:51', 'ui.back', 'Back', 'Indietro', 'Voltar'),
(3, '2026-06-24 21:23:51', 'ui.close', 'Close', 'Chiudi', 'Fechar'),
(4, '2026-06-24 21:23:51', 'ui.save', 'Save', 'Salva', 'Guardar'),
(5, '2026-06-24 21:23:51', 'ui.cancel', 'Cancel', 'Annulla', 'Cancelar'),
(6, '2026-06-24 21:23:51', 'ui.ok', 'OK', 'OK', 'OK'),
(7, '2026-06-24 21:23:51', 'ui.use', 'Use', 'Usa', 'Usar'),
(8, '2026-06-24 21:23:51', 'ui.next', 'Next', 'Avanti', 'Seguinte'),
(9, '2026-06-24 21:23:51', 'ui.combat_close_title', 'Only after battle ends', 'Solo a fine lotta', 'Só após o fim da batalha'),
(10, '2026-06-24 21:23:51', 'combat.title', 'Combat', 'Lotta', 'Combate'),
(11, '2026-06-24 21:23:51', 'combat.flee', 'Flee', 'Fuga', 'Fugir'),
(12, '2026-06-24 21:23:51', 'combat.fight', 'Fight', 'Combatti', 'Lutar'),
(13, '2026-06-24 21:23:51', 'combat.fight_hint', 'Select an ability to attack.', 'Scegli un\'abilità per attaccare.', 'Escolhe uma habilidade para atacar.'),
(14, '2026-06-24 21:23:51', 'combat.items', 'Items', 'Oggetti', 'Itens'),
(15, '2026-06-24 21:23:51', 'combat.items_hint', 'Use an item on your team.', 'Usa un oggetto sulla squadra.', 'Usa um item na tua equipa.'),
(16, '2026-06-24 21:23:51', 'combat.team', 'Team', 'Squadra', 'Equipa'),
(17, '2026-06-24 21:23:51', 'combat.team_hint', 'Switch to another creature.', 'Cambia creatura.', 'Troca de criatura.'),
(18, '2026-06-24 21:23:51', 'combat.choose_action', 'Choose an action.', 'Scegli un\'azione.', 'Escolhe uma ação.'),
(19, '2026-06-24 21:23:51', 'combat.choose_ability', 'Choose an ability or flee.', 'Scegli un\'abilità o fuggi.', 'Escolhe uma habilidade ou foge.'),
(20, '2026-06-24 21:23:51', 'combat.choose_item', 'Choose an item.', 'Scegli un oggetto.', 'Escolhe um item.'),
(21, '2026-06-24 21:23:51', 'combat.choose_switch', 'Choose a creature to switch in.', 'Scegli la creatura da mandare in campo.', 'Escolhe a criatura para entrar em campo.'),
(22, '2026-06-24 21:23:51', 'combat.loading_turn', 'Loading turn…', 'Caricamento turno…', 'A carregar turno…'),
(23, '2026-06-24 21:23:51', 'combat.resolving_turn', 'Resolving turn…', 'Risoluzione turno…', 'A resolver turno…'),
(24, '2026-06-24 21:23:51', 'combat.load_failed', 'Combat load failed', 'Caricamento lotta fallito', 'Falha ao carregar combate'),
(25, '2026-06-24 21:23:51', 'combat.no_battle_data', 'No battle data.', 'Nessun dato di lotta.', 'Sem dados de batalha.'),
(26, '2026-06-24 21:23:51', 'combat.no_battle_data_turn', 'No battle data for this turn. Close (×) to exit.', 'Nessun dato per questo turno. Chiudi (×) per uscire.', 'Sem dados para este turno. Fecha (×) para sair.'),
(27, '2026-06-24 21:23:51', 'combat.action_failed', 'Action failed', 'Azione fallita', 'Ação falhou'),
(28, '2026-06-24 21:23:51', 'combat.status_victory', 'Victory! The wild animal was freed.', 'Vittoria! L\'animale selvatico è stato liberato.', 'Vitória! O animal selvagem foi libertado.'),
(29, '2026-06-24 21:23:51', 'combat.status_defeat', 'You have no usable creatures. You blacked out.', 'Non hai creature utilizzabili. Sei svenuto.', 'Não tens criaturas utilizáveis. Desmaiaste.'),
(30, '2026-06-24 21:23:51', 'combat.status_fled', 'You fled from battle.', 'Sei fuggito dalla lotta.', 'Fugiste da batalha.'),
(31, '2026-06-24 21:23:51', 'combat.status_ended', 'Battle ended: {status}', 'Lotta terminata: {status}', 'Batalha terminada: {status}'),
(32, '2026-06-24 21:23:51', 'combat.status_blackout_loading', 'You have no usable creatures. You blacked out…', 'Non hai creature utilizzabili. Sei svenuto…', 'Não tens criaturas utilizáveis. Desmaiaste…'),
(33, '2026-06-24 21:23:51', 'combat.recovery_failed', 'Recovery failed. Close (×) to continue.', 'Recupero fallito. Chiudi (×) per continuare.', 'Recuperação falhou. Fecha (×) para continuar.'),
(34, '2026-06-24 21:23:51', 'combat.loading_abilities', 'Loading abilities…', 'Caricamento abilità…', 'A carregar habilidades…'),
(35, '2026-06-24 21:23:51', 'combat.no_abilities', 'No abilities available.', 'Nessuna abilità disponibile.', 'Nenhuma habilidade disponível.'),
(36, '2026-06-24 21:23:51', 'combat.load_abilities_failed', 'Could not load abilities', 'Impossibile caricare le abilità', 'Não foi possível carregar habilidades'),
(37, '2026-06-24 21:23:51', 'combat.loading_items', 'Loading items…', 'Caricamento oggetti…', 'A carregar itens…'),
(38, '2026-06-24 21:23:51', 'combat.no_items', 'No usable items in battle.', 'Nessun oggetto utilizzabile in lotta.', 'Nenhum item utilizável em combate.'),
(39, '2026-06-24 21:23:51', 'combat.load_items_failed', 'Could not load items', 'Impossibile caricare gli oggetti', 'Não foi possível carregar itens'),
(40, '2026-06-24 21:23:51', 'combat.loading_team', 'Loading team…', 'Caricamento squadra…', 'A carregar equipa…'),
(41, '2026-06-24 21:23:51', 'combat.load_team_failed', 'Could not load team', 'Impossibile caricare la squadra', 'Não foi possível carregar equipa'),
(42, '2026-06-24 21:23:51', 'combat.no_switch_targets', 'No other team creatures available.', 'Nessun\'altra creatura in squadra disponibile.', 'Nenhuma outra criatura da equipa disponível.'),
(43, '2026-06-24 21:23:51', 'combat.item_target_prompt', 'Use {item} on which creature?', 'Su quale creatura usare {item}?', 'Em que criatura usar {item}?'),
(44, '2026-06-24 21:23:51', 'combat.no_item_target', 'No valid target for this item.', 'Nessun bersaglio valido per questo oggetto.', 'Nenhum alvo válido para este item.'),
(45, '2026-06-24 21:23:51', 'combat.unit_your_animal', 'Your animal', 'La tua creatura', 'A tua criatura'),
(46, '2026-06-24 21:23:51', 'combat.unit_wild', 'Wild', 'Selvatico', 'Selvagem'),
(47, '2026-06-24 21:23:51', 'combat.log_turn', 'T{turn}: {description}', 'T{turn}: {description}', 'T{turn}: {description}'),
(48, '2026-06-24 21:23:51', 'combat.press_space_continue', 'Press Space to continue…', 'Premi Spazio per continuare…', 'Prime Espaço para continuar…'),
(49, '2026-06-24 21:23:51', 'combat.auto_advance', 'Auto-advance', 'Avanzamento automatico', 'Avanço automático'),
(50, '2026-06-24 21:23:51', 'combat.missed', 'But it missed!', 'Ma non l\'ha preso!', 'Mas falhou!'),
(51, '2026-06-24 21:23:51', 'combat.hit', 'Hit!', 'Preso!', 'Acertou!'),
(52, '2026-06-24 21:23:51', 'combat.critical_hit', 'Critical hit!', 'Preso in pieno!', 'Acertou em cheio!'),
(53, '2026-06-24 21:23:51', 'combat.stat_attack', 'attack', 'attacco', 'ataque'),
(54, '2026-06-24 21:23:51', 'combat.stat_defense', 'defense', 'difesa', 'defesa'),
(55, '2026-06-24 21:23:51', 'combat.stat_matk', 'magic attack', 'attacco magico', 'ataque mágico'),
(56, '2026-06-24 21:23:51', 'combat.stat_mdef', 'magic defense', 'difesa magica', 'defesa mágica'),
(57, '2026-06-24 21:23:51', 'combat.stat_accuracy', 'accuracy', 'precisione', 'pontaria'),
(58, '2026-06-24 21:23:51', 'combat.stat_evasion', 'evasion', 'evasione', 'evasão'),
(59, '2026-06-24 21:23:51', 'combat.stat_critical', 'critical rate', 'probabilità critica', 'probabilidade crítica'),
(60, '2026-06-24 21:23:51', 'combat.stat_speed', 'speed', 'velocità', 'velocidade'),
(61, '2026-06-24 21:23:51', 'combat.stat_increased', 'increased', 'è aumentato', 'aumentou'),
(62, '2026-06-24 21:23:51', 'combat.stat_decreased', 'decreased', 'è diminuito', 'diminuiu'),
(63, '2026-06-24 21:23:51', 'combat.stat_changed', '{name}\'s {stat} {direction}.', '{stat} di {name} {direction}.', 'O {stat} de {name} {direction}.'),
(64, '2026-06-24 21:23:51', 'dialog.talk_button', 'Talk [Space]', 'Parla [Spazio]', 'Falar [Espaço]'),
(65, '2026-06-24 21:23:51', 'dialog.choose_topic', 'Choose a topic', 'Scegli un argomento', 'Escolhe um tema'),
(66, '2026-06-24 21:23:51', 'dialog.choose_topic_prompt', 'What would you like to talk about?', 'Di cosa vorresti parlare?', 'Sobre o que gostarias de falar?'),
(67, '2026-06-24 21:23:51', 'dialog.npc_fallback', 'NPC', 'PNG', 'NPC'),
(68, '2026-06-24 21:23:51', 'dialog.conversation_fallback', 'Conversation {id}', 'Conversazione {id}', 'Conversa {id}'),
(69, '2026-06-24 21:23:51', 'dialog.option_fallback', 'Option {id}', 'Opzione {id}', 'Opção {id}'),
(70, '2026-06-24 21:23:51', 'hud.help', 'WASD move · Walk into wilds to battle · Talk to NPCs · P self · I bag · T team · Y party', 'WASD muovi · Cammina sui selvatici · NPC · P personaggio · I borsa · T squadra · Y party', 'WASD mover · Encontra selvagens · NPCs · P personagem · I mochila · T equipa · Y grupo'),
(71, '2026-06-24 21:23:51', 'hud.team', 'Team', 'Squadra', 'Equipa'),
(72, '2026-06-24 21:23:51', 'hud.bag', 'Bag', 'Borsa', 'Mochila'),
(73, '2026-06-24 21:23:51', 'hud.characters', 'Characters', 'Personaggi', 'Personagens'),
(74, '2026-06-24 21:23:51', 'hud.logout', 'Logout', 'Esci', 'Sair'),
(75, '2026-06-24 21:23:51', 'hud.status_counts', 'Others: {others} · Wild: {wilds} · NPC: {npcs}', 'Altri: {others} · Selvatici: {wilds} · PNG: {npcs}', 'Outros: {others} · Selvagens: {wilds} · NPCs: {npcs}'),
(76, '2026-06-24 21:23:51', 'hud.player_position', '{name} · Zone {zone} · ({x}, {z})', '{name} · Zona {zone} · ({x}, {z})', '{name} · Zona {zone} · ({x}, {z})'),
(77, '2026-06-24 21:23:51', 'hud.default_player', 'Player', 'Giocatore', 'Jogador'),
(78, '2026-06-24 21:23:51', 'hud.default_you', 'You', 'Tu', 'Tu'),
(79, '2026-06-24 21:23:51', 'inventory.title', 'Inventory', 'Inventario', 'Inventário'),
(80, '2026-06-24 21:23:51', 'inventory.empty', 'Your bag is empty.', 'La borsa è vuota.', 'A mochila está vazia.'),
(81, '2026-06-24 21:23:51', 'inventory.load_failed', 'Could not load inventory.', 'Impossibile caricare l\'inventario.', 'Não foi possível carregar inventário.'),
(82, '2026-06-24 21:23:51', 'inventory.no_items', 'No items', 'Nessun oggetto', 'Sem itens'),
(83, '2026-06-24 21:23:51', 'inventory.select_item', 'Select an item from the list.', 'Seleziona un oggetto dall\'elenco.', 'Seleciona um item da lista.'),
(84, '2026-06-24 21:23:51', 'inventory.item_fallback', 'Item {id}', 'Oggetto {id}', 'Item {id}'),
(85, '2026-06-24 21:23:51', 'inventory.meta_effect', 'Effect: {effect}', 'Effetto: {effect}', 'Efeito: {effect}'),
(86, '2026-06-24 21:23:51', 'inventory.meta_usable_on', 'Use on: {target}', 'Usa su: {target}', 'Usar em: {target}'),
(87, '2026-06-24 21:23:51', 'inventory.cannot_use_here', 'This item cannot be used here.', 'Questo oggetto non può essere usato qui.', 'Este item não pode ser usado aqui.'),
(88, '2026-06-24 21:23:51', 'inventory.team_picker_title', 'Use on which animal?', 'Su quale animale?', 'Em que animal?'),
(89, '2026-06-24 21:23:51', 'inventory.no_team_animals', 'You have no team animals.', 'Non hai animali in squadra.', 'Não tens animais na equipa.'),
(90, '2026-06-24 21:23:51', 'inventory.cannot_use_on_animal', 'You cannot use this item on that animal.', 'Non puoi usare questo oggetto su quell\'animale.', 'Não podes usar este item nesse animal.'),
(91, '2026-06-24 21:23:51', 'inventory.using_item', 'Using item…', 'Uso oggetto…', 'A usar item…'),
(92, '2026-06-24 21:23:51', 'inventory.item_used', 'Item used on {name}.', 'Oggetto usato su {name}.', 'Item usado em {name}.'),
(93, '2026-06-24 21:23:51', 'inventory.use_failed', 'Could not use item.', 'Impossibile usare l\'oggetto.', 'Não foi possível usar item.'),
(94, '2026-06-24 21:23:51', 'team.title', 'Team', 'Squadra', 'Equipa'),
(95, '2026-06-24 21:23:51', 'team.empty', 'Your team is empty.', 'La squadra è vuota.', 'A equipa está vazia.'),
(96, '2026-06-24 21:23:51', 'team.load_failed', 'Could not load team.', 'Impossibile caricare la squadra.', 'Não foi possível carregar equipa.'),
(97, '2026-06-24 21:23:51', 'team.no_animals', 'No team animals', 'Nessun animale in squadra', 'Sem animais na equipa'),
(98, '2026-06-24 21:23:51', 'team.nickname_label', 'Nickname', 'Soprannome', 'Alcunha'),
(99, '2026-06-24 21:23:51', 'team.level_prefix', 'Level {level}', 'Livello {level}', 'Nível {level}'),
(100, '2026-06-24 21:23:51', 'team.lv_short', 'Lv.{level}', 'Lv.{level}', 'Nv.{level}'),
(101, '2026-06-24 21:23:51', 'team.element_prefix', 'Element: {element}', 'Elemento: {element}', 'Elemento: {element}'),
(102, '2026-06-24 21:23:51', 'team.fainted', '(fainted)', '(svenuto)', '(desmaiado)'),
(103, '2026-06-24 21:23:51', 'team.saving_nickname', 'Saving nickname…', 'Salvataggio soprannome…', 'A guardar alcunha…'),
(104, '2026-06-24 21:23:51', 'team.nickname_saved', 'Nickname saved.', 'Soprannome salvato.', 'Alcunha guardada.'),
(105, '2026-06-24 21:23:51', 'team.nickname_save_failed', 'Could not save nickname.', 'Impossibile salvare il soprannome.', 'Não foi possível guardar alcunha.'),
(106, '2026-06-24 21:23:51', 'team.animal_fallback', 'Animal {id}', 'Animale {id}', 'Animal {id}'),
(107, '2026-06-24 21:23:51', 'team.species_fallback', 'Species {id}', 'Specie {id}', 'Espécie {id}'),
(108, '2026-06-24 21:23:51', 'world.wild_fallback', 'Wild #{id}', 'Selvatico #{id}', 'Selvagem #{id}'),
(109, '2026-06-24 21:23:51', 'world.other_player_fallback', 'Player', 'Giocatore', 'Jogador'),
(110, '2026-06-24 21:23:51', 'target.type_self', 'Your character', 'Il tuo personaggio', 'O teu personagem'),
(111, '2026-06-24 21:23:51', 'target.type_player', 'Player', 'Giocatore', 'Jogador'),
(112, '2026-06-24 21:23:51', 'target.type_npc', 'NPC', 'NPC', 'NPC'),
(113, '2026-06-24 21:23:51', 'target.type_wild', 'Wild animal', 'Animale selvatico', 'Animal selvagem'),
(114, '2026-06-24 21:23:51', 'stats.hp_value', '{current} / {max} HP', '{current} / {max} PS', '{current} / {max} HP'),
(115, '2026-06-24 21:23:51', 'error.start_battle_failed', 'Could not start battle', 'Impossibile iniziare la lotta', 'Não foi possível iniciar batalha'),
(116, '2026-06-24 21:23:51', 'chat.title', 'Chat', 'Chat', 'Chat'),
(117, '2026-06-24 21:23:51', 'chat.send', 'Send', 'Invia', 'Enviar'),
(118, '2026-06-24 21:23:51', 'chat.empty', 'No messages in this tab.', 'Nessun messaggio in questa scheda.', 'Sem mensagens neste separador.'),
(119, '2026-06-24 21:23:51', 'chat.input_placeholder', 'Message… @name · !zone · $clan · #party · %alliance · *global', 'Messaggio… @nome · !zona · $clan · #party · %alleanza · *globale', 'Mensagem… @nome · !zona · $clã · #party · %aliança · *global'),
(120, '2026-06-24 21:23:51', 'chat.whisper_new_player', '@ New player…', '@ Nuovo giocatore…', '@ Novo jogador…'),
(121, '2026-06-24 21:23:51', 'chat.position_toggle', 'Move chat left / right', 'Sposta chat a sinistra / destra', 'Mover chat esquerda / direita'),
(122, '2026-06-24 21:23:51', 'chat.collapse', 'Collapse chat', 'Comprimi chat', 'Recolher chat'),
(123, '2026-06-24 21:23:51', 'chat.expand', 'Expand chat', 'Espandi chat', 'Expandir chat'),
(124, '2026-06-24 21:23:51', 'chat.minimize_icon', 'Minimize to icon', 'Riduci a icona', 'Minimizar para ícone'),
(125, '2026-06-24 21:23:51', 'chat.restore_from_icon', 'Open chat', 'Apri chat', 'Abrir chat'),
(126, '2026-06-24 21:23:51', 'chat.settings_open', 'Channel filters for this tab', 'Filtri canale per questa scheda', 'Filtros de canal para este separador'),
(127, '2026-06-24 21:23:51', 'chat.settings_close', 'Done', 'Fatto', 'Concluído'),
(128, '2026-06-24 21:23:51', 'chat.settings_title', 'Show in {tab}', 'Mostra in {tab}', 'Mostrar em {tab}'),
(129, '2026-06-24 21:23:51', 'chat.tab_main', 'Main', 'Principale', 'Principal'),
(130, '2026-06-24 21:23:51', 'chat.tab_whisper', 'Whisper', 'Sussurro', 'Sussurro'),
(131, '2026-06-24 21:23:51', 'chat.tab_zone', 'Zone', 'Zona', 'Zona'),
(132, '2026-06-24 21:23:51', 'chat.tab_clan', 'Clan', 'Clan', 'Clã'),
(133, '2026-06-24 21:23:51', 'chat.tab_party', 'Party', 'Party', 'Party'),
(134, '2026-06-24 21:23:51', 'chat.tab_alliance', 'Alliance', 'Alleanza', 'Aliança'),
(135, '2026-06-24 21:23:51', 'chat.tab_global', 'Global', 'Globale', 'Global'),
(136, '2026-06-24 21:23:51', 'chat.channel_local', 'Local', 'Locale', 'Local'),
(137, '2026-06-24 21:23:51', 'chat.channel_whisper', 'Whisper', 'Sussurro', 'Sussurro'),
(138, '2026-06-24 21:23:51', 'chat.channel_zone', 'Zone', 'Zona', 'Zona'),
(139, '2026-06-24 21:23:51', 'chat.channel_clan', 'Clan', 'Clan', 'Clã'),
(140, '2026-06-24 21:23:51', 'chat.channel_party', 'Party', 'Party', 'Party'),
(141, '2026-06-24 21:23:51', 'chat.channel_alliance', 'Alliance', 'Alleanza', 'Aliança'),
(142, '2026-06-24 21:23:51', 'chat.channel_global', 'Global', 'Globale', 'Global'),
(143, '2026-06-24 21:23:51', 'chat.error_empty_message', 'Message cannot be empty.', 'Il messaggio non può essere vuoto.', 'A mensagem não pode estar vazia.'),
(144, '2026-06-24 21:23:51', 'chat.error_too_long', 'Message is too long.', 'Messaggio troppo lungo.', 'Mensagem demasiado longa.'),
(145, '2026-06-24 21:23:51', 'chat.error_whisper_invalid', 'Invalid whisper format. Use @Name message', 'Formato sussurro non valido. Usa @Nome messaggio', 'Formato de sussurro inválido. Usa @Nome mensagem'),
(146, '2026-06-24 21:23:51', 'chat.error_whisper_no_message', 'Whisper needs a message after the name.', 'Il sussurro richiede un messaggio dopo il nome.', 'O sussurro precisa de uma mensagem após o nome.'),
(147, '2026-06-24 21:23:51', 'chat.error_whisper_not_found', 'Player not found.', 'Giocatore non trovato.', 'Jogador não encontrado.'),
(148, '2026-06-24 21:23:51', 'chat.error_whisper_offline', 'That player is offline.', 'Quel giocatore è offline.', 'Esse jogador está offline.'),
(149, '2026-06-24 21:23:51', 'chat.error_no_clan', 'You are not in a clan.', 'Non sei in un clan.', 'Não estás num clã.'),
(150, '2026-06-24 21:23:51', 'chat.error_no_party', 'You are not in a party.', 'Non sei in un party.', 'Não estás numa party.'),
(151, '2026-06-24 21:23:51', 'chat.error_no_alliance', 'You are not in an alliance.', 'Non sei in un\'alleanza.', 'Não estás numa aliança.'),
(152, '2026-06-24 21:23:51', 'chat.error_no_global_pass', 'You need a global chat pass.', 'Serve un pass per la chat globale.', 'Precisas de um passe para o chat global.'),
(153, '2026-06-24 21:23:51', 'chat.error_invalid_sender', 'Could not send message.', 'Impossibile inviare il messaggio.', 'Não foi possível enviar mensagem.'),
(154, '2026-06-24 21:23:51', 'chat.error_server_error', 'Chat is temporarily unavailable. Try again later.', 'Chat temporaneamente non disponibile. Riprova più tardi.', 'Chat temporariamente indisponível. Tenta mais tarde.'),
(155, '2026-06-24 21:23:51', 'chat.error_generic', 'Could not send message.', 'Impossibile inviare il messaggio.', 'Não foi possível enviar mensagem.'),
(156, '2026-06-24 21:23:51', 'trade.request_tooltip', 'Trade', 'Scambia', 'Trocar'),
(157, '2026-06-24 21:23:51', 'trade.request_sent', 'Trade request sent.', 'Richiesta di scambio inviata.', 'Pedido de troca enviado.'),
(158, '2026-06-24 21:23:51', 'trade.request_failed', 'Could not send trade request.', 'Impossibile inviare la richiesta di scambio.', 'Não foi possível enviar pedido de troca.'),
(159, '2026-06-24 21:23:51', 'trade.incoming_title', '{name} wants to trade', '{name} vuole scambiare', '{name} quer trocar'),
(160, '2026-06-24 21:23:51', 'trade.accept', 'Accept', 'Accetta', 'Aceitar'),
(161, '2026-06-24 21:23:51', 'trade.decline', 'Decline', 'Rifiuta', 'Recusar'),
(162, '2026-06-24 21:23:51', 'trade.expired', 'Trade request expired.', 'Richiesta di scambio scaduta.', 'Pedido de troca expirado.'),
(163, '2026-06-24 21:23:51', 'trade.waiting', 'Waiting for {name}…', 'In attesa di {name}…', 'À espera de {name}…'),
(164, '2026-06-24 21:23:51', 'trade.title', 'Trade with {name}', 'Scambio con {name}', 'Troca com {name}'),
(165, '2026-06-24 21:23:51', 'trade.your_offer', 'Your offer', 'La tua offerta', 'A tua oferta'),
(166, '2026-06-24 21:23:51', 'trade.their_offer', '{name}\'s offer', 'Offerta di {name}', 'Oferta de {name}'),
(167, '2026-06-24 21:23:51', 'trade.gold_label', 'Gold', 'Oro', 'Ouro'),
(168, '2026-06-24 21:23:51', 'trade.gold_balance', 'You have: {gold}', 'Hai: {gold}', 'Tens: {gold}'),
(169, '2026-06-24 21:23:51', 'trade.add_item', 'Add item', 'Aggiungi oggetto', 'Adicionar item'),
(170, '2026-06-24 21:23:51', 'trade.remove_item', 'Remove', 'Rimuovi', 'Remover'),
(171, '2026-06-24 21:23:51', 'trade.no_items', 'No items offered', 'Nessun oggetto', 'Sem itens'),
(172, '2026-06-24 21:23:51', 'trade.confirm', 'Confirm trade', 'Conferma scambio', 'Confirmar troca'),
(173, '2026-06-24 21:23:51', 'trade.confirmed', 'Confirmed — waiting for partner', 'Confermato — in attesa del partner', 'Confirmado — à espera do parceiro'),
(174, '2026-06-24 21:23:51', 'trade.partner_confirmed', 'Partner confirmed', 'Partner ha confermato', 'Parceiro confirmou'),
(175, '2026-06-24 21:23:51', 'trade.cancel', 'Cancel trade', 'Annulla scambio', 'Cancelar troca'),
(176, '2026-06-24 21:23:51', 'trade.completed', 'Trade completed!', 'Scambio completato!', 'Troca concluída!'),
(177, '2026-06-24 21:23:51', 'trade.cancelled', 'Trade cancelled.', 'Scambio annullato.', 'Troca cancelada.'),
(178, '2026-06-24 21:23:51', 'trade.error_not_tradable', 'That item cannot be traded.', 'Quell\'oggetto non è scambiabile.', 'Esse item não pode ser trocado.'),
(179, '2026-06-24 21:23:51', 'trade.error_not_enough_gold', 'Not enough gold.', 'Oro insufficiente.', 'Ouro insuficiente.'),
(180, '2026-06-24 21:23:51', 'trade.error_not_enough_items', 'Not enough items.', 'Oggetti insufficienti.', 'Itens insuficientes.'),
(181, '2026-06-24 21:23:51', 'trade.error_busy', 'You or the other player are already trading.', 'Tu o l\'altro giocatore state già scambiando.', 'Tu ou o outro jogador já estão a trocar.'),
(182, '2026-06-24 21:23:51', 'trade.error_offline', 'Player is not available.', 'Giocatore non disponibile.', 'Jogador indisponível.'),
(183, '2026-06-24 21:23:51', 'trade.error_generic', 'Trade failed.', 'Scambio fallito.', 'Troca falhou.'),
(184, '2026-06-24 21:23:51', 'trade.pick_item_title', 'Add to trade', 'Aggiungi allo scambio', 'Adicionar à troca'),
(185, '2026-06-24 21:23:51', 'trade.pick_item_empty', 'No tradable items in your bag.', 'Nessun oggetto scambiabile nella borsa.', 'Sem itens trocáveis na mochila.'),
(186, '2026-06-24 21:23:51', 'trade.pick_quantity_label', 'Quantity', 'Quantità', 'Quantidade'),
(187, '2026-06-24 21:23:51', 'trade.pick_quantity_hint', 'Available: {max}', 'Disponibili: {max}', 'Disponíveis: {max}'),
(188, '2026-06-27 11:28:14', 'duel.request_tooltip', 'Duel', 'Duello', 'Duelo'),
(189, '2026-06-27 11:28:14', 'duel.request_sent', 'Duel challenge sent.', 'Sfida al duello inviata.', 'Desafio de duelo enviado.'),
(190, '2026-06-27 11:28:14', 'duel.request_failed', 'Could not send duel challenge.', 'Impossibile inviare la sfida.', 'Não foi possível enviar o desafio.'),
(191, '2026-06-27 11:28:14', 'duel.incoming_title', '{name} challenges you to a duel', '{name} ti sfida a duello', '{name} desafia-te para um duelo'),
(192, '2026-06-27 11:28:14', 'duel.accept', 'Accept', 'Accetta', 'Aceitar'),
(193, '2026-06-27 11:28:14', 'duel.decline', 'Decline', 'Rifiuta', 'Recusar'),
(194, '2026-06-27 11:28:14', 'duel.expired', 'Duel challenge expired.', 'Sfida al duello scaduta.', 'Desafio de duelo expirado.'),
(195, '2026-06-27 11:28:14', 'duel.waiting', 'Waiting for {name}…', 'In attesa di {name}…', 'À espera de {name}…'),
(196, '2026-06-27 11:28:14', 'duel.waiting_opponent', 'Opponent is choosing…', 'L\'avversario sta scegliendo…', 'O adversário está a escolher…'),
(197, '2026-06-27 11:28:14', 'duel.error_offline', 'Player is not available.', 'Giocatore non disponibile.', 'Jogador indisponível.'),
(198, '2026-06-27 11:28:14', 'duel.error_busy', 'You or the other player are busy.', 'Tu o l\'altro giocatore siete occupati.', 'Tu ou o outro jogador estão ocupados.'),
(199, '2026-06-27 11:28:14', 'duel.error_range', 'Player is too far away.', 'Giocatore troppo lontano.', 'Jogador demasiado longe.'),
(200, '2026-06-27 11:28:14', 'duel.error_no_team', 'You need at least one animal with HP to duel.', 'Serve almeno un animale con HP per duellare.', 'Precisas de pelo menos um animal com HP para duelar.'),
(201, '2026-06-27 11:28:14', 'duel.error_cooldown', 'Wait before challenging this player again.', 'Attendi prima di sfidare di nuovo questo giocatore.', 'Espera antes de desafiar este jogador novamente.'),
(202, '2026-06-27 11:28:14', 'duel.error_generic', 'Duel failed.', 'Duello fallito.', 'Duelo falhou.'),
(203, '2026-06-27 11:28:14', 'duel.win', 'You won the duel!', 'Hai vinto il duello!', 'Ganhaste o duelo!'),
(204, '2026-06-27 11:28:14', 'duel.lose', 'You lost the duel.', 'Hai perso il duello.', 'Perdeste o duelo.'),
(205, '2026-06-27 11:28:14', 'duel.opponent_label', 'Opponent', 'Avversario', 'Adversário'),
(206, '2026-06-27 11:28:14', 'combat.pvp_your_turn', 'Choose an action.', 'Scegli un\'azione.', 'Escolhe uma ação.'),
(207, '2026-06-28 09:54:37', 'team.buffs_title', 'Active effects', 'Effetti attivi', 'Efeitos ativos'),
(208, '2026-06-28 09:54:37', 'team.buff_party_prefix', 'Party:', 'Squadra:', 'Grupo:'),
(209, '2026-06-28 13:23:14', 'duel.waiting_resolve', 'Waiting for both choices…', 'In attesa delle scelte…', 'À espera das escolhas…'),
(210, '2026-06-28 13:23:14', 'duel.choice_locked', 'Choice locked — waiting for opponent.', 'Scelta registrata — in attesa dell\'avversario.', 'Escolha registada — à espera do adversário.'),
(211, '2026-06-28 13:23:14', 'duel.opponent_ready', 'Opponent locked in — choose your action.', 'L\'avversario ha scelto — scegli la tua azione.', 'O adversário escolheu — escolhe a tua ação.'),
(212, '2026-06-28 13:23:14', 'duel.recovering', 'Recovering after the duel…', 'Recupero dopo il duello…', 'A recuperar após o duelo…'),
(213, '2026-06-28 13:23:14', 'duel.lose_teleported', 'You lost the duel and were teleported to your last recovery location.', 'Hai perso il duello e sei stato teletrasportato all\'ultimo punto di recupero.', 'Perdeste o duelo e foste teletransportados para o vosso último ponto de recuperação.'),
(233, '2026-06-28 13:47:54', 'combat.skip_animations', 'Skip animations', 'Salta animazioni', 'Saltar animações'),
(234, '2026-06-28 13:47:54', 'team.buff_stacks_toggle', 'Toggle {count} stacks', 'Mostra/nascondi {count} stack', 'Alternar {count} stacks'),
(235, '2026-06-28 13:47:54', 'team.buff_stack_entry', 'Stack {n}', 'Stack {n}', 'Stack {n}'),
(236, '2026-06-28 13:47:54', 'team.tab_overview', 'Overview', 'Panoramica', 'Visão geral'),
(237, '2026-06-28 13:47:54', 'team.tab_base', 'Base', 'Base', 'Base'),
(238, '2026-06-28 13:47:54', 'team.tab_dna', 'DNA', 'DNA', 'DNA'),
(239, '2026-06-28 13:47:54', 'team.tab_exp', 'EXP pts', 'Punti EXP', 'Pts EXP'),
(240, '2026-06-28 13:47:54', 'team.tab_points', 'Stat pts', 'Punti stat', 'Pts stat'),
(241, '2026-06-28 13:47:54', 'team.tab_abilities', 'Abilities', 'Abilità', 'Habilidades'),
(242, '2026-06-28 13:47:54', 'team.abilities_loading', 'Loading abilities…', 'Caricamento abilità…', 'A carregar habilidades…'),
(243, '2026-06-28 13:47:54', 'team.abilities_empty', 'No learnable abilities at this level.', 'Nessuna abilità apprendibile a questo livello.', 'Sem habilidades aprendíveis neste nível.'),
(244, '2026-06-28 13:47:54', 'team.ability_fallback', 'Ability {id}', 'Abilità {id}', 'Habilidade {id}'),
(245, '2026-06-28 13:47:54', 'team.ability_power', 'Power {value}', 'Potenza {value}', 'Potência {value}'),
(246, '2026-06-28 13:47:54', 'team.ability_mpower', 'M.Power {value}', 'Pot. spec. {value}', 'Poder esp. {value}'),
(247, '2026-06-28 13:47:54', 'team.ability_accuracy', 'Acc {value}', 'Prec {value}', 'Prec {value}'),
(365, '2026-06-28 20:38:10', 'character_create.player_class', 'Class', 'Classe', 'Classe'),
(366, '2026-06-28 20:38:10', 'character_create.player_class_nerd', 'Nerd — knowledge and precision', 'Nerd — conoscenza e precisione', 'Nerd — conhecimento e precisao'),
(367, '2026-06-28 20:38:10', 'character_create.player_class_stud', 'Stud — action and presence', 'Stud — azione e presenza', 'Stud — acao e presenca'),
(368, '2026-06-28 20:38:10', 'character_create.avatar', 'Avatar look', 'Aspetto avatar', 'Aparencia do avatar'),
(369, '2026-06-28 20:51:34', 'self.title', 'Character', 'Personaggio', 'Personagem'),
(370, '2026-06-28 20:51:34', 'self.tab_overview', 'Overview', 'Panoramica', 'Visao geral'),
(371, '2026-06-28 20:51:34', 'self.tab_abilities', 'Abilities', 'Abilita', 'Habilidades'),
(372, '2026-06-28 20:51:34', 'self.loading', 'Loading character…', 'Caricamento personaggio…', 'A carregar personagem…'),
(373, '2026-06-28 20:51:34', 'self.load_failed', 'Could not load character info.', 'Impossibile caricare il personaggio.', 'Nao foi possivel carregar o personagem.'),
(374, '2026-06-28 20:51:34', 'self.exp_label', 'Experience', 'Esperienza', 'Experiencia'),
(375, '2026-06-28 20:51:34', 'self.exp_progress', 'Lv {level}: {current} / {needed} XP · next Lv {next}', 'Lv {level}: {current} / {needed} XP · prossimo Lv {next}', 'Nv {level}: {current} / {needed} XP · proximo Nv {next}'),
(376, '2026-06-28 20:51:34', 'self.level_label', 'Lv {level}', 'Lv {level}', 'Nv {level}'),
(377, '2026-06-28 20:51:34', 'self.gold_label', '{gold} gold', '{gold} oro', '{gold} ouro'),
(378, '2026-06-28 20:51:34', 'self.field_avatar', 'Avatar look', 'Aspetto avatar', 'Aparencia avatar'),
(379, '2026-06-28 20:51:34', 'self.field_gender', 'Gender', 'Genere', 'Genero'),
(380, '2026-06-28 20:51:34', 'self.field_zone', 'Zone', 'Zona', 'Zona'),
(381, '2026-06-28 20:51:34', 'self.field_class_tier', 'Class tier', 'Grado classe', 'Grau de classe'),
(382, '2026-06-28 20:51:34', 'self.gender_male', 'Male', 'Maschio', 'Masculino'),
(383, '2026-06-28 20:51:34', 'self.gender_female', 'Female', 'Femmina', 'Feminino'),
(384, '2026-06-28 20:51:34', 'self.class_tier', 'Tier {tier}', 'Grado {tier}', 'Grau {tier}'),
(385, '2026-06-28 20:51:34', 'self.specialize_hint', 'Reach level {level} to specialize via quests.', 'Raggiungi il livello {level} per specializzarti con le missioni.', 'Atinge o nivel {level} para te especializares via missoes.'),
(386, '2026-06-28 20:51:34', 'self.abilities_empty', 'No class abilities yet.', 'Nessuna abilita di classe.', 'Sem habilidades de classe.'),
(387, '2026-06-28 20:51:34', 'self.context_battle', 'Battle', 'Lotta', 'Combate'),
(388, '2026-06-28 20:51:34', 'self.context_field', 'Field', 'Campo', 'Campo'),
(389, '2026-06-28 20:51:34', 'self.context_both', 'Battle & field', 'Lotta e campo', 'Combate e campo'),
(390, '2026-06-28 20:51:34', 'self.ability_passive', 'Passive', 'Passiva', 'Passiva'),
(391, '2026-06-28 20:51:34', 'self.ability_locked', 'Locked', 'Bloccata', 'Bloqueada'),
(392, '2026-06-28 20:51:34', 'self.ability_cd_turns', 'Cooldown: {turns} turns', 'Recupero: {turns} turni', 'Recarga: {turns} turnos'),
(393, '2026-06-28 20:51:34', 'self.ability_cd_seconds', 'Cooldown: {seconds}s', 'Recupero: {seconds}s', 'Recarga: {seconds}s'),
(395, '2026-06-29 08:13:48', 'system_log.title', 'System log', 'Registro di sistema', 'Registo do sistema'),
(396, '2026-06-29 08:13:48', 'system_log.empty', 'No events yet.', 'Nessun evento.', 'Sem eventos.'),
(397, '2026-06-29 08:13:48', 'system_log.collapse', 'Collapse', 'Comprimi', 'Recolher'),
(424, '2026-06-29 08:19:44', 'system_log.timestamps_show', 'Show timestamps', 'Mostra orari', 'Mostrar horas'),
(425, '2026-06-29 08:19:44', 'system_log.timestamps_hide', 'Hide timestamps', 'Nascondi orari', 'Ocultar horas'),
(426, '2026-06-29 12:00:00', 'party.title', 'Party', 'Squadra', 'Grupo'),
(427, '2026-06-29 12:00:00', 'party.create', 'Create party', 'Crea squadra', 'Criar grupo'),
(428, '2026-06-29 12:00:00', 'party.leave', 'Leave party', 'Lascia squadra', 'Sair do grupo'),
(429, '2026-06-29 12:00:00', 'party.disband', 'Disband party', 'Sciogli squadra', 'Dissolver grupo'),
(430, '2026-06-29 12:00:00', 'party.no_party', 'You are not in a party.', 'Non sei in una squadra.', 'Não estás num grupo.'),
(431, '2026-06-29 12:00:00', 'party.roster_status', '{count} / {max} members', '{count} / {max} membri', '{count} / {max} membros'),
(432, '2026-06-29 12:00:00', 'party.leader', 'leader', 'capo', 'líder'),
(433, '2026-06-29 12:00:00', 'party.online', 'online', 'online', 'online'),
(434, '2026-06-29 12:00:00', 'party.offline', 'offline', 'offline', 'offline'),
(435, '2026-06-29 12:00:00', 'party.promote', 'Make leader', 'Rendi capo', 'Tornar líder'),
(436, '2026-06-29 12:00:00', 'party.kick', 'Kick', 'Espelli', 'Expulsar'),
(437, '2026-06-29 12:00:00', 'party.invite_tooltip', 'Invite to party', 'Invita in squadra', 'Convidar para o grupo'),
(438, '2026-06-29 12:00:00', 'party.invite_sent', 'Party invite sent.', 'Invito alla squadra inviato.', 'Convite enviado.'),
(439, '2026-06-29 12:00:00', 'party.incoming_title', '{name} invites you to their party', '{name} ti invita nella squadra', '{name} convida-te para o grupo'),
(440, '2026-06-29 12:00:00', 'party.accept', 'Accept', 'Accetta', 'Aceitar'),
(441, '2026-06-29 12:00:00', 'party.decline', 'Decline', 'Rifiuta', 'Recusar'),
(442, '2026-06-29 12:00:00', 'party.created', 'Party created.', 'Squadra creata.', 'Grupo criado.'),
(443, '2026-06-29 12:00:00', 'party.joined', 'You joined the party.', 'Sei entrato nella squadra.', 'Entraste no grupo.'),
(444, '2026-06-29 12:00:00', 'party.left', 'You left the party.', 'Hai lasciato la squadra.', 'Saíste do grupo.'),
(445, '2026-06-29 12:00:00', 'party.disbanded', 'Party disbanded.', 'Squadra sciolta.', 'Grupo dissolvido.'),
(446, '2026-06-29 12:00:00', 'party.error_generic', 'Party action failed.', 'Azione squadra fallita.', 'Ação de grupo falhou.'),
(447, '2026-06-29 12:00:00', 'party.error_not_leader', 'Only the party leader can invite players.', 'Solo il capo può invitare.', 'Só o líder pode convidar.'),
(448, '2026-06-29 12:00:00', 'party.error_offline', 'Player is not available.', 'Giocatore non disponibile.', 'Jogador indisponível.'),
(449, '2026-06-29 12:00:00', 'party.error_too_far', 'Player is too far away.', 'Giocatore troppo lontano.', 'Jogador demasiado longe.'),
(450, '2026-06-29 12:00:00', 'party.error_party_full', 'Party is full.', 'Squadra piena.', 'Grupo cheio.'),
(451, '2026-06-29 12:00:00', 'party.error_target_in_party', 'Player is already in a party.', 'Il giocatore è già in squadra.', 'O jogador já está num grupo.'),
(452, '2026-06-29 12:00:00', 'party.error_target_busy', 'Player is busy.', 'Giocatore occupato.', 'Jogador ocupado.'),
(453, '2026-06-29 12:00:00', 'party.error_busy', 'You are busy.', 'Sei occupato.', 'Estás ocupado.'),
(454, '2026-06-29 12:00:00', 'party.error_already_in_party', 'You are already in a party.', 'Sei già in una squadra.', 'Já estás num grupo.'),
(455, '2026-06-29 12:00:00', 'party.error_already_pending', 'An invite is already pending.', 'Invito già in sospeso.', 'Convite já pendente.'),
(456, '2026-06-29 14:00:00', 'party.expired', 'Party invite expired.', 'Invito alla squadra scaduto.', 'Convite de grupo expirado.'),
(457, '2026-06-29 16:00:00', 'party.hud_no_animal', 'No lead animal', 'Nessun animale attivo', 'Sem animal líder'),
(458, '2026-06-29 18:00:00', 'party.far_tooltip', 'Too far away', 'Troppo lontano', 'Demasiado longe'),
(459, '2026-06-29 20:00:00', 'party_pve.error_not_leader', 'Only the party leader can start battles.', 'Solo il capo può iniziare la lotta.', 'Só o líder pode iniciar batalhas.'),
(460, '2026-06-29 20:00:00', 'party_pve.error_not_in_party', 'You must be in a party.', 'Devi essere in squadra.', 'Tens de estar num grupo.'),
(461, '2026-06-29 20:00:00', 'party_pve.error_too_late', 'That wild animal is already in battle.', 'Quell\'animale è già in lotta.', 'Esse animal selvagem já está em combate.'),
(462, '2026-06-29 20:00:00', 'party_pve.error_no_eligible_members', 'No party members are close enough to fight.', 'Nessun membro abbastanza vicino.', 'Nenhum membro está perto o suficiente.'),
(463, '2026-06-29 20:00:00', 'party_pve.error_no_team_animal', 'No usable team animal.', 'Nessuna creatura utilizzabile.', 'Nenhuma criatura utilizável.'),
(464, '2026-06-29 20:00:00', 'party_pve.error_party_already_fighting', 'Your party is already in battle.', 'La squadra è già in lotta.', 'O grupo já está em combate.'),
(465, '2026-06-29 20:00:00', 'party_pve.error_leader_too_far', 'You are too far from your party.', 'Sei troppo lontano dalla squadra.', 'Estás demasiado longe do grupo.'),
(466, '2026-06-29 20:00:00', 'party_pve.waiting_turn', 'Waiting for the next turn…', 'In attesa del prossimo turno…', 'À espera do próximo turno…'),
(467, '2026-06-29 20:00:00', 'party_pve.waiting_wild', 'The wild animal is acting…', 'L\'animale selvatico agisce…', 'O animal selvagem está a agir…'),
(468, '2026-06-29 20:00:00', 'party_pve.waiting_player', 'Waiting for {name}…', 'In attesa di {name}…', 'À espera de {name}…'),
(469, '2026-07-06 22:30:00', 'combat.settings_title', 'Settings', 'Impostazioni', 'Configurações'),
(470, '2026-07-06 23:00:00', 'combat.flee_confirm_prompt', 'Are you sure you want to flee?', 'Sei sicuro di voler fuggire?', 'Tens a certeza de que queres fugir?'),
(471, '2026-07-06 23:00:00', 'combat.flee_confirm_button', 'Yes, flee', 'Sì, fuggi', 'Sim, fugir'),
(472, '2026-07-06 23:30:00', 'combat.confirm_action', 'Confirm', 'Confermo', 'Confirmo'),
(473, '2026-07-06 23:30:00', 'combat.unconfirm_action', 'Unconfirm', 'Annulla conferma', 'Cancelar confirmação'),
(474, '2026-07-06 23:30:00', 'party_pve.you', 'You', 'Tu', 'Tu'),
(475, '2026-07-06 23:30:00', 'party_pve.status_fainted', 'Fainted', 'Svenuto', 'Desmaiado'),
(476, '2026-07-06 23:30:00', 'party_pve.status_ready', 'Ready', 'Pronto', 'Pronto'),
(477, '2026-07-06 23:30:00', 'party_pve.status_choosing', 'Choosing…', 'Sta scegliendo…', 'A escolher…'),
(478, '2026-07-06 23:30:00', 'party_pve.fainted_waiting', 'Your animal has fainted. Waiting for your team…', 'Il tuo animale è svenuto. In attesa della squadra…', 'O teu animal desmaiou. À espera da tua equipa…'),
(479, '2026-07-06 23:30:00', 'party_pve.waiting_confirm', 'Waiting for the rest of the team to confirm…', 'In attesa che la squadra confermi…', 'À espera que a equipa confirme…'),
(480, '2026-07-06 23:30:00', 'party_pve.staging_action', 'Locking in your action…', 'Sto registrando la tua azione…', 'A registar a tua ação…'),
(481, '2026-07-06 23:30:00', 'party_pve.confirming', 'Confirming…', 'Confermando…', 'A confirmar…'),
(482, '2026-07-06 23:30:00', 'party_pve.unconfirming', 'Changing your mind…', 'Sto annullando la conferma…', 'A anular a confirmação…'),
(483, '2026-07-07 10:55:00', 'party_pve.reconfirm_needed', 'A teammate changed their action. Please confirm again.', 'Un compagno ha cambiato azione. Conferma di nuovo.', 'Um companheiro mudou de ação. Confirma novamente.'),
(484, '2026-07-07 23:59:00', 'party.setting_inactivity_vote_label', 'Allow inactivity vote in PvE', 'Consenti voto per inattività in PvE', 'Permitir votação por inatividade no PvE'),
(485, '2026-07-07 23:59:00', 'party.setting_inactivity_vote_hint', 'If a member doesn''t act during their turn, teammates who already acted can vote to make their animal attack randomly instead of waiting.', 'Se un membro non agisce durante il proprio turno, i compagni che hanno già agito possono votare per far attaccare a caso il suo animale invece di aspettare.', 'Se um membro não agir durante o seu turno, os companheiros que já agiram podem votar para fazer o animal dele atacar aleatoriamente em vez de esperar.'),
(486, '2026-07-07 23:59:00', 'party_pve.vote_tally', 'Force random attack? {yes} yes · {no} no', 'Forzare un attacco casuale? {yes} sì · {no} no', 'Forçar ataque aleatório? {yes} sim · {no} não'),
(487, '2026-07-07 23:59:00', 'party_pve.vote_yes', 'Yes', 'Sì', 'Sim'),
(488, '2026-07-07 23:59:00', 'party_pve.vote_no', 'No', 'No', 'Não'),
(489, '2026-07-08 00:45:00', 'party_pve.vote_available_in', 'Vote available in {seconds}s', 'Voto disponibile tra {seconds}s', 'Votação disponível em {seconds}s')
ON DUPLICATE KEY UPDATE
    `tag` = VALUES(`tag`),
    `text` = VALUES(`text`),
    `text_it` = VALUES(`text_it`),
    `text_pt` = VALUES(`text_pt`);

-- chat_word_replacements (226 rows)
INSERT INTO `playanimaster_db`.`chat_word_replacements` (`id_chat_word_replacement`, `bad_word`, `replacement`, `lang_code`, `sort_order`, `dt_c`, `dt_m`, `flg_active`) VALUES
(1, 'motherfucker', 'motherforker', 'en', 10, '2026-06-24 21:23:51', NULL, 'S'),
(2, 'motherfucking', 'motherforking', 'en', 10, '2026-06-24 21:23:51', NULL, 'S'),
(3, 'bullshit', 'bullshirt', 'en', 10, '2026-06-24 21:23:51', NULL, 'S'),
(4, 'asshole', 'casserole', 'en', 10, '2026-06-24 21:23:51', NULL, 'S'),
(5, 'dickhead', 'duckhead', 'en', 10, '2026-06-24 21:23:51', NULL, 'S'),
(6, 'douchebag', 'dishwasher', 'en', 10, '2026-06-24 21:23:51', NULL, 'S'),
(7, 'jackass', 'jackfruit', 'en', 10, '2026-06-24 21:23:51', NULL, 'S'),
(8, 'smartass', 'smartgrass', 'en', 10, '2026-06-24 21:23:51', NULL, 'S'),
(9, 'dumbass', 'dumbgrass', 'en', 10, '2026-06-24 21:23:51', NULL, 'S'),
(10, 'badass', 'badgrass', 'en', 10, '2026-06-24 21:23:51', NULL, 'S'),
(11, 'fatass', 'fatgrass', 'en', 10, '2026-06-24 21:23:51', NULL, 'S'),
(12, 'kiss my ass', 'kiss my bass', 'en', 20, '2026-06-24 21:23:51', NULL, 'S'),
(13, 'piece of shit', 'piece of shirt', 'en', 20, '2026-06-24 21:23:51', NULL, 'S'),
(14, 'son of a bitch', 'son of a bench', 'en', 20, '2026-06-24 21:23:51', NULL, 'S'),
(15, 'fucking', 'forking', 'en', 30, '2026-06-24 21:23:51', NULL, 'S'),
(16, 'fucker', 'forker', 'en', 30, '2026-06-24 21:23:51', NULL, 'S'),
(17, 'fucked', 'forked', 'en', 30, '2026-06-24 21:23:51', NULL, 'S'),
(18, 'fucks', 'forks', 'en', 30, '2026-06-24 21:23:51', NULL, 'S'),
(19, 'fuck', 'fork', 'en', 30, '2026-06-24 21:23:51', NULL, 'S'),
(20, 'shitty', 'shirty', 'en', 30, '2026-06-24 21:23:51', NULL, 'S'),
(21, 'shitting', 'shirting', 'en', 30, '2026-06-24 21:23:51', NULL, 'S'),
(22, 'shit', 'shirt', 'en', 30, '2026-06-24 21:23:51', NULL, 'S'),
(23, 'bitchy', 'benchy', 'en', 30, '2026-06-24 21:23:51', NULL, 'S'),
(24, 'bitches', 'benches', 'en', 30, '2026-06-24 21:23:51', NULL, 'S'),
(25, 'bitch', 'bench', 'en', 30, '2026-06-24 21:23:51', NULL, 'S'),
(26, 'bastard', 'mustard', 'en', 30, '2026-06-24 21:23:51', NULL, 'S'),
(27, 'whore', 'wire', 'en', 30, '2026-06-24 21:23:51', NULL, 'S'),
(28, 'slut', 'slot', 'en', 30, '2026-06-24 21:23:51', NULL, 'S'),
(29, 'slutty', 'slotty', 'en', 30, '2026-06-24 21:23:51', NULL, 'S'),
(30, 'cunt', 'cant', 'en', 30, '2026-06-24 21:23:51', NULL, 'S'),
(31, 'pussy', 'puppy', 'en', 30, '2026-06-24 21:23:51', NULL, 'S'),
(32, 'dick', 'duck', 'en', 30, '2026-06-24 21:23:51', NULL, 'S'),
(33, 'cock', 'clock', 'en', 30, '2026-06-24 21:23:51', NULL, 'S'),
(34, 'cocks', 'clocks', 'en', 30, '2026-06-24 21:23:51', NULL, 'S'),
(35, 'piss', 'kiss', 'en', 30, '2026-06-24 21:23:51', NULL, 'S'),
(36, 'pissed', 'kissed', 'en', 30, '2026-06-24 21:23:51', NULL, 'S'),
(37, 'pissing', 'kissing', 'en', 30, '2026-06-24 21:23:51', NULL, 'S'),
(38, 'crap', 'crop', 'en', 30, '2026-06-24 21:23:51', NULL, 'S'),
(39, 'crappy', 'croppy', 'en', 30, '2026-06-24 21:23:51', NULL, 'S'),
(40, 'damn', 'darn', 'en', 30, '2026-06-24 21:23:51', NULL, 'S'),
(41, 'damned', 'darned', 'en', 30, '2026-06-24 21:23:51', NULL, 'S'),
(42, 'hell', 'shell', 'en', 30, '2026-06-24 21:23:51', NULL, 'S'),
(43, 'douche', 'dune', 'en', 30, '2026-06-24 21:23:51', NULL, 'S'),
(44, 'retard', 'regard', 'en', 30, '2026-06-24 21:23:51', NULL, 'S'),
(45, 'retarded', 'regarded', 'en', 30, '2026-06-24 21:23:51', NULL, 'S'),
(46, 'idiot', 'idjit', 'de', 30, '2026-06-24 21:23:51', '2026-06-24 21:23:51', 'S'),
(47, 'moron', 'melon', 'en', 30, '2026-06-24 21:23:51', NULL, 'S'),
(48, 'stupid', 'stupendous', 'en', 30, '2026-06-24 21:23:51', NULL, 'S'),
(49, 'wtf', 'waffle', 'en', 30, '2026-06-24 21:23:51', NULL, 'S'),
(50, 'stfu', 'stuff', 'en', 30, '2026-06-24 21:23:51', NULL, 'S'),
(51, 'lmfao', 'lolipop', 'en', 30, '2026-06-24 21:23:51', NULL, 'S'),
(52, 'suck', 'sock', 'en', 30, '2026-06-24 21:23:51', NULL, 'S'),
(53, 'sucks', 'socks', 'en', 30, '2026-06-24 21:23:51', NULL, 'S'),
(54, 'sucker', 'soccer', 'en', 30, '2026-06-24 21:23:51', NULL, 'S'),
(55, 'suckers', 'soccers', 'en', 30, '2026-06-24 21:23:51', NULL, 'S'),
(56, 'boob', 'blob', 'en', 30, '2026-06-24 21:23:51', NULL, 'S'),
(57, 'boobs', 'blobs', 'en', 30, '2026-06-24 21:23:51', NULL, 'S'),
(58, 'tits', 'tots', 'en', 30, '2026-06-24 21:23:51', NULL, 'S'),
(59, 'tit', 'tot', 'en', 30, '2026-06-24 21:23:51', NULL, 'S'),
(60, 'twat', 'twit', 'en', 30, '2026-06-24 21:23:51', NULL, 'S'),
(61, 'wanker', 'walker', 'en', 30, '2026-06-24 21:23:51', NULL, 'S'),
(62, 'wank', 'walk', 'en', 30, '2026-06-24 21:23:51', NULL, 'S'),
(63, 'bollocks', 'balloons', 'en', 30, '2026-06-24 21:23:51', NULL, 'S'),
(64, 'bugger', 'burger', 'en', 30, '2026-06-24 21:23:51', NULL, 'S'),
(65, 'arse', 'parse', 'en', 30, '2026-06-24 21:23:51', NULL, 'S'),
(66, 'arsehole', 'parsenole', 'en', 30, '2026-06-24 21:23:51', NULL, 'S'),
(67, 'ass', 'bass', 'en', 40, '2026-06-24 21:23:51', NULL, 'S'),
(68, 'vaffanculo', 'vaffanbullo', 'it', 10, '2026-06-24 21:23:51', NULL, 'S'),
(69, 'vaffancul', 'vaffanbull', 'it', 10, '2026-06-24 21:23:51', NULL, 'S'),
(70, 'affanculo', 'affanbullo', 'it', 10, '2026-06-24 21:23:51', NULL, 'S'),
(71, 'figlio di puttana', 'figlio di pottana', 'it', 20, '2026-06-24 21:23:51', NULL, 'S'),
(72, 'porco dio', 'porco dino', 'it', 20, '2026-06-24 21:23:51', NULL, 'S'),
(73, 'porcodio', 'porkodino', 'it', 20, '2026-06-24 21:23:51', NULL, 'S'),
(74, 'dio cane', 'dino cane', 'it', 20, '2026-06-24 21:23:51', NULL, 'S'),
(75, 'diocane', 'dinocane', 'it', 20, '2026-06-24 21:23:51', NULL, 'S'),
(76, 'dio porco', 'dino porco', 'it', 20, '2026-06-24 21:23:51', NULL, 'S'),
(77, 'dioporco', 'dinoporco', 'it', 20, '2026-06-24 21:23:51', NULL, 'S'),
(78, 'testa di cazzo', 'testa di casco', 'it', 20, '2026-06-24 21:23:51', NULL, 'S'),
(79, 'pezzo di merda', 'pezzo di marmellata', 'it', 20, '2026-06-24 21:23:51', NULL, 'S'),
(80, 'fanculo', 'fanbullo', 'it', 30, '2026-06-24 21:23:51', NULL, 'S'),
(81, 'coglione', 'coglionzone', 'it', 30, '2026-06-24 21:23:51', NULL, 'S'),
(82, 'coglioni', 'coglionzoni', 'it', 30, '2026-06-24 21:23:51', NULL, 'S'),
(83, 'stronzo', 'stronzolo', 'it', 30, '2026-06-24 21:23:51', NULL, 'S'),
(84, 'stronza', 'stronzola', 'it', 30, '2026-06-24 21:23:51', NULL, 'S'),
(85, 'stronzi', 'stronzoli', 'it', 30, '2026-06-24 21:23:51', NULL, 'S'),
(86, 'bastardo', 'pastardo', 'it', 30, '2026-06-24 21:23:51', NULL, 'S'),
(87, 'bastarda', 'pastarda', 'it', 30, '2026-06-24 21:23:51', NULL, 'S'),
(88, 'puttana', 'pottana', 'it', 30, '2026-06-24 21:23:51', NULL, 'S'),
(89, 'puttanata', 'portanata', 'it', 30, '2026-06-24 21:23:51', NULL, 'S'),
(90, 'troia', 'trolley', 'it', 30, '2026-06-24 21:23:51', NULL, 'S'),
(91, 'troie', 'trolleys', 'it', 30, '2026-06-24 21:23:51', NULL, 'S'),
(92, 'merda', 'marmelada', 'pt', 30, '2026-06-24 21:23:51', '2026-06-24 21:23:51', 'S'),
(93, 'merdoso', 'marmeloso', 'pt', 30, '2026-06-24 21:23:51', '2026-06-24 21:23:51', 'S'),
(94, 'merdosa', 'marmellosa', 'it', 30, '2026-06-24 21:23:51', NULL, 'S'),
(95, 'cazzo', 'casco', 'it', 30, '2026-06-24 21:23:51', NULL, 'S'),
(96, 'cazzi', 'caschi', 'it', 30, '2026-06-24 21:23:51', NULL, 'S'),
(97, 'minchia', 'panino', 'it', 30, '2026-06-24 21:23:51', NULL, 'S'),
(98, 'minchiata', 'paninata', 'it', 30, '2026-06-24 21:23:51', NULL, 'S'),
(99, 'figa', 'fiesta', 'it', 30, '2026-06-24 21:23:51', NULL, 'S'),
(100, 'fighe', 'fiestas', 'it', 30, '2026-06-24 21:23:51', NULL, 'S'),
(101, 'fica', 'fiesta', 'it', 30, '2026-06-24 21:23:51', NULL, 'S'),
(102, 'fregna', 'fresca', 'it', 30, '2026-06-24 21:23:51', NULL, 'S'),
(103, 'frocio', 'fioraio', 'it', 30, '2026-06-24 21:23:51', NULL, 'S'),
(104, 'froci', 'fiorai', 'it', 30, '2026-06-24 21:23:51', NULL, 'S'),
(105, 'ricchione', 'ricchionzone', 'it', 30, '2026-06-24 21:23:51', NULL, 'S'),
(106, 'cretino', 'cretinetto', 'it', 30, '2026-06-24 21:23:51', NULL, 'S'),
(107, 'cretina', 'cretinetta', 'it', 30, '2026-06-24 21:23:51', NULL, 'S'),
(108, 'idiota', 'idratita', 'pl', 30, '2026-06-24 21:23:51', '2026-06-24 21:23:51', 'S'),
(109, 'idiote', 'idjite', 'fr', 30, '2026-06-24 21:23:51', '2026-06-24 21:23:51', 'S'),
(110, 'scemo', 'scemotto', 'it', 30, '2026-06-24 21:23:51', NULL, 'S'),
(111, 'scema', 'scemotta', 'it', 30, '2026-06-24 21:23:51', NULL, 'S'),
(112, 'deficiente', 'deficientino', 'it', 30, '2026-06-24 21:23:51', NULL, 'S'),
(113, 'imbecille', 'imbecillino', 'it', 30, '2026-06-24 21:23:51', NULL, 'S'),
(114, 'stupido', 'stupendino', 'it', 30, '2026-06-24 21:23:51', NULL, 'S'),
(115, 'stupida', 'stupendina', 'it', 30, '2026-06-24 21:23:51', NULL, 'S'),
(116, 'cagare', 'cioccolare', 'it', 30, '2026-06-24 21:23:51', NULL, 'S'),
(117, 'cagata', 'cioccolata', 'it', 30, '2026-06-24 21:23:51', NULL, 'S'),
(118, 'scopare', 'scappare', 'it', 30, '2026-06-24 21:23:51', NULL, 'S'),
(119, 'scopata', 'scappata', 'it', 30, '2026-06-24 21:23:51', NULL, 'S'),
(120, 'succhiare', 'biscottare', 'it', 30, '2026-06-24 21:23:51', NULL, 'S'),
(121, 'succhia', 'biscotta', 'it', 30, '2026-06-24 21:23:51', NULL, 'S'),
(122, 'porco', 'porcellino', 'it', 40, '2026-06-24 21:23:51', NULL, 'S'),
(123, 'dio', 'dino', 'it', 50, '2026-06-24 21:23:51', NULL, 'S'),
(124, 'hijo de puta', 'hijo de puerta', 'es', 10, '2026-06-24 21:23:51', NULL, 'S'),
(125, 'hija de puta', 'hija de puerta', 'es', 10, '2026-06-24 21:23:51', NULL, 'S'),
(126, 'la puta madre', 'la puerta madre', 'es', 10, '2026-06-24 21:23:51', NULL, 'S'),
(127, 'puta madre', 'puerta madre', 'es', 10, '2026-06-24 21:23:51', NULL, 'S'),
(128, 'gilipollas', 'gilipuercas', 'es', 10, '2026-06-24 21:23:51', NULL, 'S'),
(129, 'maricon', 'mariposa', 'es', 10, '2026-06-24 21:23:51', NULL, 'S'),
(130, 'pendejo', 'pendejito', 'es', 30, '2026-06-24 21:23:51', NULL, 'S'),
(131, 'pendeja', 'pendejita', 'es', 30, '2026-06-24 21:23:51', NULL, 'S'),
(132, 'cabron', 'cebolla', 'es', 30, '2026-06-24 21:23:51', NULL, 'S'),
(133, 'cabrona', 'cebollona', 'es', 30, '2026-06-24 21:23:51', NULL, 'S'),
(134, 'joder', 'yogur', 'es', 30, '2026-06-24 21:23:51', NULL, 'S'),
(135, 'jodido', 'yogurito', 'es', 30, '2026-06-24 21:23:51', NULL, 'S'),
(136, 'jodida', 'yogurita', 'es', 30, '2026-06-24 21:23:51', NULL, 'S'),
(137, 'jodete', 'yogurte', 'es', 30, '2026-06-24 21:23:51', NULL, 'S'),
(138, 'mierda', 'mermelada', 'es', 30, '2026-06-24 21:23:51', NULL, 'S'),
(139, 'mierdoso', 'mermeladoso', 'es', 30, '2026-06-24 21:23:51', NULL, 'S'),
(140, 'puta', 'porta', 'pt', 30, '2026-06-24 21:23:51', '2026-06-24 21:23:51', 'S'),
(141, 'puto', 'porto', 'pt', 30, '2026-06-24 21:23:51', '2026-06-24 21:23:51', 'S'),
(142, 'putas', 'puertas', 'es', 30, '2026-06-24 21:23:51', NULL, 'S'),
(143, 'coño', 'conejo', 'es', 30, '2026-06-24 21:23:51', NULL, 'S'),
(144, 'cojones', 'cajones', 'es', 30, '2026-06-24 21:23:51', NULL, 'S'),
(145, 'cojon', 'cajon', 'es', 30, '2026-06-24 21:23:51', NULL, 'S'),
(146, 'verga', 'berga', 'es', 30, '2026-06-24 21:23:51', NULL, 'S'),
(147, 'chingar', 'chillar', 'es', 30, '2026-06-24 21:23:51', NULL, 'S'),
(148, 'chingada', 'chillada', 'es', 30, '2026-06-24 21:23:51', NULL, 'S'),
(149, 'chingado', 'chillado', 'es', 30, '2026-06-24 21:23:51', NULL, 'S'),
(150, 'culero', 'culerito', 'es', 30, '2026-06-24 21:23:51', NULL, 'S'),
(151, 'culera', 'culerita', 'es', 30, '2026-06-24 21:23:51', NULL, 'S'),
(152, 'imbecil', 'imbecilino', 'pt', 30, '2026-06-24 21:23:51', '2026-06-24 21:23:51', 'S'),
(153, 'estupido', 'estupendito', 'pt', 30, '2026-06-24 21:23:51', '2026-06-24 21:23:51', 'S'),
(154, 'tonto', 'tontuelo', 'es', 30, '2026-06-24 21:23:51', NULL, 'S'),
(155, 'tonta', 'tontuela', 'es', 30, '2026-06-24 21:23:51', NULL, 'S'),
(161, 'fils de pute', 'fils de purée', 'fr', 10, '2026-06-24 21:23:51', NULL, 'S'),
(162, 'fille de pute', 'fille de purée', 'fr', 10, '2026-06-24 21:23:51', NULL, 'S'),
(163, 'ta gueule', 'ta guimauve', 'fr', 10, '2026-06-24 21:23:51', NULL, 'S'),
(164, 'ferme ta gueule', 'ferme ta guimauve', 'fr', 10, '2026-06-24 21:23:51', NULL, 'S'),
(165, 'enculé', 'encelle', 'fr', 30, '2026-06-24 21:23:51', '2026-06-24 21:23:51', 'S'),
(166, 'enculer', 'enceller', 'fr', 30, '2026-06-24 21:23:51', NULL, 'S'),
(167, 'connard', 'fromage', 'fr', 30, '2026-06-24 21:23:51', NULL, 'S'),
(168, 'connarde', 'fromagère', 'fr', 30, '2026-06-24 21:23:51', NULL, 'S'),
(169, 'salope', 'salopette', 'fr', 30, '2026-06-24 21:23:51', NULL, 'S'),
(170, 'salaud', 'saucisson', 'fr', 30, '2026-06-24 21:23:51', NULL, 'S'),
(171, 'pute', 'purée', 'fr', 30, '2026-06-24 21:23:51', NULL, 'S'),
(172, 'putain', 'purée', 'fr', 30, '2026-06-24 21:23:51', NULL, 'S'),
(173, 'merde', 'merveille', 'fr', 30, '2026-06-24 21:23:51', NULL, 'S'),
(174, 'merdique', 'merveilleux', 'fr', 30, '2026-06-24 21:23:51', NULL, 'S'),
(175, 'nique', 'nitrique', 'fr', 30, '2026-06-24 21:23:51', NULL, 'S'),
(176, 'niquer', 'nitriquer', 'fr', 30, '2026-06-24 21:23:51', NULL, 'S'),
(177, 'bite', 'biscuit', 'fr', 30, '2026-06-24 21:23:51', NULL, 'S'),
(178, 'couille', 'coussin', 'fr', 30, '2026-06-24 21:23:51', NULL, 'S'),
(179, 'couilles', 'coussins', 'fr', 30, '2026-06-24 21:23:51', NULL, 'S'),
(180, 'chatte', 'chouquette', 'fr', 30, '2026-06-24 21:23:51', NULL, 'S'),
(181, 'connerie', 'cornetrie', 'fr', 30, '2026-06-24 21:23:51', NULL, 'S'),
(182, 'debile', 'débilito', 'fr', 30, '2026-06-24 21:23:51', '2026-06-24 21:23:51', 'S'),
(183, 'crétin', 'cretinet', 'fr', 30, '2026-06-24 21:23:51', '2026-06-24 21:23:51', 'S'),
(189, 'hurensohn', 'hundesohn', 'de', 10, '2026-06-24 21:23:51', NULL, 'S'),
(190, 'hure', 'haube', 'de', 30, '2026-06-24 21:23:51', NULL, 'S'),
(191, 'scheisse', 'strümpfe', 'de', 30, '2026-06-24 21:23:51', '2026-06-24 21:23:51', 'S'),
(192, 'scheiss', 'strümpf', 'de', 30, '2026-06-24 21:23:51', '2026-06-24 21:23:51', 'S'),
(193, 'scheisser', 'strümpfer', 'de', 30, '2026-06-24 21:23:51', '2026-06-24 21:23:51', 'S'),
(194, 'fick', 'flick', 'de', 30, '2026-06-24 21:23:51', NULL, 'S'),
(195, 'ficken', 'flicken', 'de', 30, '2026-06-24 21:23:51', NULL, 'S'),
(196, 'gefickt', 'geflickt', 'de', 30, '2026-06-24 21:23:51', NULL, 'S'),
(197, 'ficker', 'flicker', 'de', 30, '2026-06-24 21:23:51', NULL, 'S'),
(198, 'arsch', 'marsch', 'de', 30, '2026-06-24 21:23:51', NULL, 'S'),
(199, 'arschloch', 'marschloch', 'de', 30, '2026-06-24 21:23:51', NULL, 'S'),
(200, 'mist', 'wist', 'de', 30, '2026-06-24 21:23:51', NULL, 'S'),
(201, 'mistkerl', 'wistkerl', 'de', 30, '2026-06-24 21:23:51', NULL, 'S'),
(202, 'fotze', 'fritze', 'de', 30, '2026-06-24 21:23:51', NULL, 'S'),
(203, 'schlampe', 'schlampf', 'de', 30, '2026-06-24 21:23:51', NULL, 'S'),
(204, 'wichser', 'wichsler', 'de', 30, '2026-06-24 21:23:51', NULL, 'S'),
(205, 'wichsen', 'wischen', 'de', 30, '2026-06-24 21:23:51', NULL, 'S'),
(206, 'dummkopf', 'marmeladenkopf', 'de', 30, '2026-06-24 21:23:51', NULL, 'S'),
(207, 'depp', 'depperino', 'de', 30, '2026-06-24 21:23:51', NULL, 'S'),
(208, 'spasti', 'spastino', 'de', 30, '2026-06-24 21:23:51', NULL, 'S'),
(209, 'spast', 'spastino', 'de', 30, '2026-06-24 21:23:51', NULL, 'S'),
(214, 'filho da puta', 'filho da porta', 'pt', 10, '2026-06-24 21:23:51', NULL, 'S'),
(215, 'filha da puta', 'filha da porta', 'pt', 10, '2026-06-24 21:23:51', NULL, 'S'),
(216, 'vai tomar no cu', 'vai tomar no cuoio', 'pt', 10, '2026-06-24 21:23:51', NULL, 'S'),
(217, 'caralho', 'caramelho', 'pt', 30, '2026-06-24 21:23:51', NULL, 'S'),
(218, 'caralhos', 'caramelhos', 'pt', 30, '2026-06-24 21:23:51', NULL, 'S'),
(219, 'foder', 'folder', 'pt', 30, '2026-06-24 21:23:51', NULL, 'S'),
(220, 'fodido', 'foldido', 'pt', 30, '2026-06-24 21:23:51', NULL, 'S'),
(221, 'fodida', 'foldida', 'pt', 30, '2026-06-24 21:23:51', NULL, 'S'),
(222, 'foda', 'folda', 'pt', 30, '2026-06-24 21:23:51', NULL, 'S'),
(223, 'buceta', 'bolacha', 'pt', 30, '2026-06-24 21:23:51', NULL, 'S'),
(224, 'cacete', 'cachete', 'pt', 30, '2026-06-24 21:23:51', NULL, 'S'),
(225, 'otario', 'otarino', 'pt', 30, '2026-06-24 21:23:51', NULL, 'S'),
(235, 'kurwa', 'kurczak', 'pl', 30, '2026-06-24 21:23:51', NULL, 'S'),
(236, 'kurwy', 'kurczaki', 'pl', 30, '2026-06-24 21:23:51', NULL, 'S'),
(237, 'kurwo', 'kurczako', 'pl', 30, '2026-06-24 21:23:51', NULL, 'S'),
(238, 'chuj', 'chleb', 'pl', 30, '2026-06-24 21:23:51', NULL, 'S'),
(239, 'chuja', 'chleba', 'pl', 30, '2026-06-24 21:23:51', NULL, 'S'),
(240, 'chujowy', 'chlebowy', 'pl', 30, '2026-06-24 21:23:51', NULL, 'S'),
(241, 'pierdolec', 'pieróg', 'pl', 30, '2026-06-24 21:23:51', NULL, 'S'),
(242, 'pierdol', 'pieróg', 'pl', 30, '2026-06-24 21:23:51', NULL, 'S'),
(243, 'pierdolic', 'pierogować', 'pl', 30, '2026-06-24 21:23:51', NULL, 'S'),
(244, 'pierdolony', 'pierogony', 'pl', 30, '2026-06-24 21:23:51', NULL, 'S'),
(245, 'pizda', 'pizza', 'pl', 30, '2026-06-24 21:23:51', NULL, 'S'),
(246, 'dupa', 'tulipano', 'pl', 30, '2026-06-24 21:23:51', NULL, 'S'),
(247, 'debil', 'debilino', 'pl', 30, '2026-06-24 21:23:51', NULL, 'S'),
(248, 'debilu', 'debilino', 'pl', 30, '2026-06-24 21:23:51', NULL, 'S'),
(249, 'skurwysyn', 'skurwyczyn', 'pl', 30, '2026-06-24 21:23:51', NULL, 'S')
ON DUPLICATE KEY UPDATE
    `bad_word` = VALUES(`bad_word`),
    `replacement` = VALUES(`replacement`),
    `lang_code` = VALUES(`lang_code`),
    `sort_order` = VALUES(`sort_order`),
    `dt_m` = VALUES(`dt_m`),
    `flg_active` = VALUES(`flg_active`);

-- chat_global_item_config: (empty)

SET FOREIGN_KEY_CHECKS=1;
